ID,Name,DOB
2,Ronaldo,22.09.1976
5,Paolo Maldini,26.06.1968
6,Andriy Shevchenko,29.09.1976
7,Edwin van der Sar,29.10.1970
11,Lev Yashin,22.10.1929
14,Roberto Carlos,10.04.1973
15,Alessandro Nesta,19.03.1976
20,Didier Drogba,11.03.1978
22,Kaká,22.04.1982
23,Patrick Vieira,23.06.1976
26,Frank Rijkaard,30.09.1962
29,Dennis Bergkamp,10.05.1969
30,Pavel Nedvěd,30.08.1972
31,Puyol,13.04.1978
33,Michael Owen,14.12.1979
39,Kenny Dalglish,04.03.1951
40,Roy Keane,10.08.1971
41,Paul Scholes,16.11.1974
42,Javier Zanetti,10.08.1973
43,Filippo Inzaghi,09.08.1973
44,Clarence Seedorf,01.04.1976
45,Claude Makelele,18.02.1973
46,Michael Ballack,26.09.1976
47,Hristo Stoichkov,08.02.1966
48,Frank Lampard,20.06.1978
49,Rio Ferdinand,07.11.1978
50,Hernán Crespo,05.07.1975
51,Steven Gerrard,30.05.1980
52,Ji Sung Park,25.02.1981
54,Petr Čech,20.05.1982
55,Bastian Schweinsteiger,01.08.1984
54,Fernando Torres,20.03.1984
56,Fernando Hierro,23.03.1968
57,Gheorghe Hagi,05.02.1965
58,Ronald Koeman,21.03.1963
59,Peter Schmeichel,18.11.1963
60,Butragueño,22.07.1963
61,Gary Lineker,30.11.1960
62,Laurent Blanc,19.11.1965
63,Ian Rush,20.10.1961
64,Christian Vieri,12.07.1973
65,Rui Costa,29.03.1972
66,Marcel Desailly,07.09.1968
67,Emmanuel Petit,22.09.1970
68,Gennaro Gattuso,09.01.1978
69,Gianluca Zambrotta,19.02.1977
70,Patrick Kluivert,01.07.1976
71,David Trezeguet,15.10.1977
72,Juan Sebastián Verón,09.03.1975
73,Michael Essien,03.12.1982
74,Henrik Larsson,20.09.1971
75,Deco,27.08.1977
76,Nemanja Vidic,21.10.1981
77,Sócrates,19.02.1954
78,Michael Laudrup,15.06.1964
80,Pep Guardiola,18.01.1971
81,Ian Wright,03.11.1963
82,Sol Campbell,18.09.1974
83,Jens Lehmann,10.11.1969
84,Gianfranco Zola,05.07.1966
85,Robert Pirès,29.10.1973
86,Jari Litmanen,20.02.1971
87,Marc Overmars,29.03.1973
88,Marcos Riquelme,24.06.1978
89,Ashley Cole,20.12.1980
90,Paulo Futre,28.02.1966
91,Andreas Brehme,09.11.1960
92,Stefan Effenberg,02.08.1968
93,Gary Neville,18.02.1975
94,Jay-Jay Okocha,14.08.1973
95,Jamie Carragher,28.01.1978
96,Freddie Ljungberg,16.04.1977
97,Pauleta,28.04.1973
98,Luis Hernández,22.12.1968
99,Davor Šuker,01.01.1968
100,Robbie Fowler,09.04.1975
101,Oliver Bierhoff,01.05.1968
102,David Seaman,19.09.1963
103,Teddy Sheringham,02.04.1966
104,Vítor Baía,15.10.1969
105,Ole Gunnar Solskjær,26.02.1973
106,Frank De Boer,15.05.1970
107,Carlos Valderrama,02.09.1961
108,John Barnes,07.11.1963
109,Brian Laudrup,22.02.1969
111,Nakata Hidetoshi,22.01.1977
112,Alexi Lalas,01.06.1970
113,Zinedine Zidane,23.06.1972
114,Rivaldo,19.04.1972
117,Ronaldinho,21.03.1980
118,Cristiano Ronaldo,05.02.1985
119,Sergio Ramos,30.03.1986
120,Karim Benzema,19.12.1987
121,Marcelo,12.05.1988
122,Lionel Messi,24.06.1987
123,Johan Cruyff,25.04.1947
124,Luka Modrić,09.09.1985
125,Toni Kroos,04.01.1990
126,Casemiro,23.02.1992
127,Eusébio,25.01.1942
130,Marco van Basten,31.10.1964
131,Keylor Navas,15.12.1986
132,Ryan Giggs,29.11.1973
134,David Beckham,02.05.1975
135,Gianluigi Buffon,28.01.1978
139,Andrea Pirlo,19.05.1979
140,Samuel Eto'o,10.03.1981
141,Xavi Hernández,25.01.1980
144,Wayne Rooney,24.10.1985
146,Fernandinho,04.05.1985
147,Giorgio Chiellini,14.08.1984
149,Hugo Sánchez,11.07.1958
150,Eric Cantona,24.05.1966
151,Sergio Agüero,02.06.1988
152,Manuel Neuer,27.03.1986
154,David Silva,08.01.1986
155,Gareth Bale,16.07.1989
156,Robert Lewandowski,21.08.1988
157,Luis Suárez,24.01.1987
158,Thomas Müller,13.09.1989
159,Neymar,05.02.1992
160,David Alaba,24.06.1992
161,Isco,21.04.1992
162,Kevin De Bruyne,28.06.1991
163,Raphaël Varane,25.04.1993
164,Raheem Sterling,08.12.1994
165,Carvajal,11.01.1992
166,Ederson,17.08.1993
167,N'Golo Kanté,29.03.1991
168,Leroy Sané,11.01.1996
170,Ferenc Puskás,01.04.1927
171,Joe Cole,08.11.1981
175,Alessandro Del Piero,09.11.1974
177,Fabio Cannavaro,13.09.1973
178,Luís Figo,04.11.1972
179,Raúl,27.06.1977
182,Ruud van Nistelrooy,01.07.1976
183,Piqué,02.02.1987
184,Thiago Silva,22.09.1984
186,Franco Baresi,08.05.1960
187,Falcao,10.02.1986
188,Gonzalo Higuaín,10.12.1987
189,Ivan Rakitić,10.03.1988
190,Mats Hummels,16.12.1988
191,Arturo Vidal,22.05.1987
192,Edinson Cavani,14.02.1987
193,Leonardo Bonucci,01.05.1987
194,Miralem Pjanić,02.04.1990
195,İlkay Gündoğan,24.10.1990
196,Kyle Walker,28.05.1990
197,Jordi Alba,21.03.1989
198,Thiago,11.04.1991
199,Sergio Busquets,16.07.1988
200,Lothar Matthäus,21.03.1961
201,Marc-André ter Stegen,30.04.1992
202,Paul Pogba,15.03.1993
203,Marco Verratti,05.11.1992
204,Nacho Fernández,18.01.1990
205,Lucas Vázquez,01.07.1991
207,Mateo Kovačić,06.05.1994
210,Paulo Dybala,15.11.1993
212,Bernardo Silva,10.08.1994
213,Kylian Mbappe Lottin,20.12.1998
219,Pepe,26.02.1983
220,Philipp Lahm,11.11.1983
221,Franck Ribéry,07.04.1983
222,Dante,18.10.1983
223,Abédi Pelé,05.11.1964
224,Jakub Błaszczykowski,14.12.1985
225,Salvatore Sirigu,12.01.1987
226,Blaise Matuidi,09.04.1987
227,Claudio Bravo,13.04.1983
229,Ángel Di María,14.02.1988
230,Marcel Schmelzer,22.01.1988
231,Shinji Kagawa,17.03.1989
232,Pedro,28.07.1987
233,Nicolás Otamendi,12.02.1988
234,James Rodríguez,12.07.1991
235,Serge Gnabry,14.07.1995
236,Marquinhos,14.05.1994
238,Leon Goretzka,06.02.1995
239,Joshua Kimmich,08.02.1995
240,Ruud Gullit,01.09.1962
241,Marco Asensio,21.01.1996
243,Lars Ricken,10.07.1976
244,Thierry Henry,17.08.1977
246,Lucas,13.08.1992
248,Julian Draxler,20.09.1993
249,Ivan Cordoba,11.08.1976
250,Nani,17.11.1986
251,Jesús Navas,21.11.1985
252,Morata,23.10.1992
253,John Stones,28.05.1994
254,Carlos Bacca,08.09.1986
256,Kingsley Coman,13.06.1996
257,Benjamin Pavard,28.03.1996
258,Rodrigo Bentancur,25.06.1997
260,Gabriel Jesus,03.04.1997
261,Alphonso Davies,02.11.2000
263,Fabio Quagliarella,31.01.1983
264,Stéphane M&amp;#39;Bia,20.05.1986
265,Éver Banega,29.06.1988
266,Jorge Andújar Moreno,26.04.1987
267,Jan Vertonghen,24.04.1987
268,Kévin Gameiro,09.05.1987
269,Angelo Ogbonna,23.05.1988
270,Mario Balotelli,12.08.1990
271,Juan Cuadrado,26.05.1988
272,Xherdan Shaqiri,10.10.1991
273,Danilo,15.07.1991
274,Diogo Figueiras,01.07.1991
275,Samuel Umtiti,14.11.1993
277,Adrien Rabiot,03.04.1995
278,Niklas Süle,03.09.1995
279,Oleksandr Zinchenko,15.12.1996
280,Nélson Semedo,16.11.1993
281,Marco Materazzi,19.08.1973
282,Ousmane Dembélé,15.05.1997
286,Wojciech Szczęsny,18.04.1990
287,Daniel Carriço,04.08.1988
288,Alex Sandro,26.01.1991
289,Mario Götze,03.06.1992
292,Sergi Roberto,07.02.1992
293,Kiko Casilla,02.10.1986
294,Kenneth Vermeer,10.01.1986
295,Andrés Guardado,28.09.1986
296,Lasse Schøne,27.05.1986
297,Lucas Barrios,13.11.1984
298,Fabian Delph,21.11.1989
300,Coutinho,12.06.1992
301,Luuk de Jong,27.08.1990
302,Christian Eriksen,14.02.1992
303,Thimothée Kolodziejczak,01.10.1991
304,Jeroen Zoet,06.01.1991
305,Javier Pastore,20.06.1989
306,Roberto Pereyra,07.01.1991
307,Vitolo,02.11.1989
308,Thomas Meunier,12.09.1991
309,Bernat,01.03.1993
310,Mattia De Sciglio,20.10.1992
312,Lucas Hernández,14.02.1996
313,Presnel Kimpembe,13.08.1995
314,Siem de Jong,28.01.1989
315,Daniele Rugani,29.07.1994
316,Daley Blind,09.03.1990
317,Serge Aurier,24.12.1992
318,Stefano Sturaro,09.03.1993
319,Federico Bernardeschi,16.02.1994
320,Layvin Kurzawa,04.09.1992
321,Miralem Sulejmani,05.12.1988
322,Martín Cáceres,07.04.1987
323,Niklas Moisander,29.09.1985
324,Davide Santon,02.01.1991
325,Alphonse Areola,27.02.1993
326,Marc Bartra,15.01.1991
327,Sebastian Rode,11.10.1990
328,Rafinha,12.02.1993
329,Santiago Arias,13.01.1992
330,Jürgen Locadia,07.11.1993
331,Mario Lemina,01.09.1993
332,Thilo Kehrer,21.09.1996
333,Quaresma,26.09.1983
334,Marko Marin,13.03.1989
335,Eric Maxim Choupo-Moting,23.03.1989
336,Eduardo Salvio,13.07.1990
337,Luca Marrone,28.03.1990
338,Adam Maher,20.07.1993
339,Lucas Digne,20.07.1993
340,Davy Klaassen,21.02.1993
341,Fernando Reges,25.07.1987
342,Munir,01.09.1995
343,André Almeida,10.09.1990
344,Jasper Cillessen,22.04.1989
345,Nicolai Boilesen,16.02.1992
346,Viktor Fischer,09.06.1994
347,Joël Veltman,15.01.1992
348,Joshua Brenet,20.03.1994
349,Anderson Talisca,01.02.1994
350,Christopher Nkunku,14.11.1997
351,Nicolas Isimat-Mirin,15.11.1991
352,Jody Lukoki,15.11.1992
353,Jorrit Hendrix,06.02.1995
354,Sandro Ramírez Castillo,09.07.1995
355,Graeme Shinnie,04.08.1991
356,Gonçalo Guedes,29.11.1996
357,Stefano Denswil,07.05.1993
358,Grimaldo,20.09.1995
359,Shin Hyung Min,18.07.1986
360,Dorlan Pabón,24.01.1988
361,Sin Jin Ho,07.09.1988
362,Rubens Sambueza,01.01.1984
363,Salman Al Faraj,01.08.1989
366,Caner Osmanpaşa,15.01.1988
391,Eden Hazard,07.01.1991
393,Pelé,23.10.1940
403,Cafu,07.06.1970
412,Carlos Alberto,17.07.1944
414,Jordan Henderson,17.06.1990
415,Pierre-Emerick Aubameyang,18.06.1989
416,Bobby Moore,12.04.1941
418,Bruno Fernandes,08.09.1994
430,Marek Hamšik,27.07.1987
433,Georginio Wijnaldum,11.11.1990
434,Diego Godín,16.02.1986
435,Azpilicueta,28.08.1989
436,Marco Reus,31.05.1989
437,Koke,08.01.1992
440,Dušan Tadić,20.11.1988
441,Heung Min Son,08.07.1992
443,Hong Myung Bo,12.02.1969
449,José Fonte,22.12.1983
451,Oyarzabal,21.04.1997
454,Sebastián Coates,07.10.1990
455,Lorenzo Insigne,04.06.1991
456,Matthijs de Ligt,12.08.1999
457,Miroslav Klose,09.06.1978
458,Sang Chul Yoo,18.10.1971
459,Kasper Schmeichel,05.11.1986
462,Marcano,23.06.1987
464,Kevin Strootman,13.02.1990
465,Ola Toivonen,03.07.1986
466,Vincent Aboubakar,22.01.1992
467,Marco van Ginkel,01.12.1992
470,Raúl Albiol,04.09.1985
472,Arda Turan,30.01.1987
474,Simon Kjær,26.03.1989
475,Séamus Coleman,11.10.1988
476,Ki Sung Yueng,24.01.1989
478,Parejo,16.04.1989
479,José Sosa,19.06.1985
480,Maarten Stekelenburg,22.09.1982
481,Benjamin André,03.08.1990
482,Gary Medel,03.08.1987
484,Karim El Ahmadi,27.01.1985
485,Julian Baumgartlinger,02.01.1988
486,Tomás Rincón,13.01.1988
487,Danilo Pereira,09.09.1991
488,Riyad Mahrez,21.02.1991
489,Atiba Hutchinson,08.02.1983
490,Scott Brown,25.06.1985
491,Steven Davis,01.01.1985
495,Makoto Hasebe,18.01.1984
496,Bram van Polen,11.10.1985
497,Paolo Goltz,12.05.1985
499,Kim Nam Il,14.03.1977
501,Nick Viergever,03.08.1989
502,Fransérgio,18.10.1990
505,Maikel Kieftenbeld,26.06.1990
506,Vlad Chiricheş,14.11.1989
507,Nicolás Tagliafico,31.08.1992
508,Choi Young Il,25.04.1966
509,Mahmut Tekdemir,20.01.1988
510,James Tavernier,31.10.1991
511,Osvaldo Alonso,11.11.1985
512,Nicolás Lodeiro,21.03.1989
513,Michael Bradley,31.07.1987
514,Feng Xiaoting,22.10.1985
515,Osmar,05.06.1988
516,Erick Gutiérrez,15.06.1995
517,Thulani Hlatshwayo,18.12.1989
518,Jonathan Mensah,13.07.1990
519,Carlos Izquierdoz,03.11.1988
520,Jason Kerr,06.02.1997
521,Alan Shearer,13.08.1970
541,Antoine Griezmann,21.03.1991
558,Cesc Fàbregas,04.05.1987
559,Aaron Ramsey,26.12.1990
569,Mesut Özil,15.10.1988
584,Jaap Stam,17.07.1972
586,João Moutinho,08.09.1986
587,Dimitri Payet,29.03.1987
588,Raphaël Guerreiro,22.12.1993
605,Joe Hart,19.04.1987
609,Igor Akinfeev,08.04.1986
614,Laurent Koscielny,10.09.1985
615,Radja Nainggolan,04.05.1988
616,Kolbeinn Sigþórsson,14.03.1990
617,Joe Allen,14.03.1990
618,Romelu Lukaku,13.05.1993
619,Cédric,31.08.1991
620,Renato Sanches,18.08.1997
630,Moussa Sissoko,16.08.1989
633,Axel Witsel,12.01.1989
634,Gylfi Sigurðsson,08.09.1989
635,James Chester,23.01.1989
636,Ben Davies,24.04.1993
638,Wayne Hennessey,24.01.1987
639,Adil Rami,27.12.1985
643,Grzegorz Krychowiak,29.01.1990
645,William Carvalho,07.04.1992
646,Jonas Hector,27.05.1990
647,Mehmet Topal,03.03.1986
651,Artur Jędrzejczyk,04.11.1987
652,André Filipe Tavares Gomes,30.07.1993
657,Kamil Glik,03.02.1988
658,Michał Pazdan,21.09.1987
659,Danny Welbeck,26.11.1990
662,Thibaut Courtois,11.05.1992
663,Arkadiusz Milik,28.02.1994
664,Chris Gunter,21.07.1989
666,João Mário,19.01.1993
667,Gaël Clichy,26.07.1985
668,Adrien Silva,15.03.1989
669,Jón Daði Böðvarsson,25.05.1992
674,Ashley Young,09.07.1985
675,Miguel Veloso,11.05.1986
676,Sam Vokes,21.10.1989
677,Holger Badstuber,13.03.1989
678,Alessandro Florenzi,11.03.1991
679,Antonio Candreva,28.02.1987
680,Jóhann Berg Gudmundsson,27.10.1990
681,Marouane Fellaini,22.11.1987
682,Ari Skúlason,14.05.1987
683,Georgios Tzavellas,26.11.1987
689,James Milner,04.01.1986
690,André-Pierre Gignac,05.12.1985
692,Krzysztof Mączyński,23.05.1987
693,Yannick Carrasco,04.09.1993
694,Theo Walcott,16.03.1989
695,Yann M'Vila,29.06.1990
697,Dries Mertens,06.05.1987
698,Alessandro Diamanti,02.05.1983
699,Jason Denayer,28.06.1995
702,Sokratis,09.06.1988
703,Juan Mata,28.04.1988
705,José Reina,31.08.1982
706,Matteo Darmian,02.12.1989
707,Andy King,29.10.1988
708,Negredo,20.08.1985
709,Nélson Oliveira,08.08.1991
710,Simone Zaza,25.06.1991
711,Mevlüt Erdinç,25.02.1987
712,Ciro Immobile,20.02.1990
713,Alex Oxlade-Chamberlain,15.08.1993
717,Konstantinos Fortounis,16.10.1992
718,Danny Ward,22.06.1993
719,Sebastian Giovinco,26.01.1987
720,Moussa Dembélé,16.07.1987
721,Vladimír Darida,08.08.1990
722,Emre Can,12.01.1994
726,Piotr Zieliński,20.05.1994
728,Avraam Papadopoulos,03.12.1984
729,Christian Benteke,03.12.1990
730,Stephan El Shaarawy,27.10.1992
731,Tomáš Pekhart,26.05.1989
732,Alfreð Finnbogason,01.02.1989
733,Michy Batshuayi,02.10.1993
735,Jermain Defoe,07.10.1982
736,Jordan Lukaku,25.07.1994
745,Filip Starzyński,27.05.1991
746,Divock Origi,18.04.1995
747,González López,25.11.2002
753,Mikkel Damsgaard,03.07.2000
754,Ivan Perišić,02.02.1989
755,Haris Seferović,22.02.1992
756,Granit Xhaka,27.09.1992
758,Steven Zuber,17.08.1991
759,Thorgan Hazard,29.03.1993
760,Manuel Locatelli,08.01.1998
764,Memphis Depay,13.02.1994
765,Andreas Christensen,10.04.1996
766,Giovanni Di Lorenzo,04.08.1993
767,Nicolò Barella,07.02.1997
768,Kasper Dolberg,06.10.1997
769,Ferrán Torres,29.02.2000
770,Vladimír Coufal,22.08.1992
771,Pablo Sarabia,11.05.1992
772,Domenico Berardi,01.08.1994
773,Breel Embolo,14.02.1997
774,Thomas Delaney,03.09.1991
775,Robin Gosens,05.07.1994
776,Frenkie de Jong,12.05.1997
777,Manuel Akanji,19.07.1995
778,Unai Simón,11.06.1997
781,Mason Mount,10.01.1999
782,Denzel Dumfries,18.04.1996
783,Declan Rice,14.01.1999
787,Tomáš Souček,27.02.1995
788,Roman Yaremchuk,27.11.1995
789,Dani Olmo,07.05.1998
791,Francesco Acerbi,10.02.1988
792,Remo Freuler,15.04.1992
793,Jannik Vestergaard,03.08.1992
794,Nico Elvedi,30.09.1996
795,Stefan Lainer,27.08.1992
797,Jack Grealish,10.09.1995
798,Kai Havertz,11.06.1999
799,Matteo Pessina,21.04.1997
800,Pau Torres,16.01.1997
801,Tomáš Holeš,31.03.1993
804,Marko Arnautović,19.04.1989
805,Kieran Trippier,19.09.1990
806,Martin Braithwaite,05.06.1991
808,Ricardo Rodríguez,25.08.1992
809,Tomáš Kalas,15.05.1993
813,Marcel Sabitzer,17.03.1994
814,Emerson,03.08.1994
815,Mykola Matvienko,02.05.1996
818,Yussuf Poulsen,15.06.1994
819,Bukayo Saka,05.09.2001
820,Illia Zabarnyi,01.09.2002
821,Ondřej Čelůstka,18.06.1989
823,Gerard Moreno,07.04.1992
824,Victor Nilsson Lindelöf,17.07.1994
831,Daniel James,10.11.1997
832,Alexander Isak,21.09.1999
833,Oleksandr Karavaev,02.06.1992
834,Rúben Dias,14.05.1997
839,Harry Kane,28.07.1993
840,Leonardo Spinazzola,25.03.1993
841,Federico Chiesa,25.10.1997
844,Hugo Lloris,26.12.1986
845,Jorginho,20.12.1991
846,Emil Forsberg,23.10.1991
847,Gianluigi Donnarumma,25.02.1999
848,Patrik Schick,24.01.1996
849,Andriy Yarmolenko,23.10.1989
851,Pierre-Emile Højbjerg,05.08.1995
853,Harry Maguire,05.03.1993
854,Sebastian Larsson,06.06.1985
855,Jordan Pickford,07.03.1994
856,Luke Shaw,12.07.1995
857,Aymeric Laporte,27.05.1994
858,Kalvin Phillips,02.12.1995
859,Daniel Wass,31.05.1989
860,Rafael Tolói,10.10.1990
861,Martin Hinteregger,07.09.1992
863,Youri Tielemans,07.05.1997
870,Diogo Jota,04.12.1996
871,Marcos Llorente,30.01.1995
873,Xaver Schlager,28.09.1997
874,Vitaliy Mykolenko,29.05.1999
875,Albin Ekdal,28.07.1989
876,Joe Rodon,22.10.1997
877,Jens Stryger Larsen,21.02.1991
878,Stefan de Vrij,05.02.1992
881,Domagoj Vida,29.04.1989
882,Jan Bořil,11.01.1991
883,Matthias Ginter,19.01.1994
884,Marcus Danielsson,08.04.1989
885,Daniel Bachmann,09.07.1994
886,Konrad Laimer,27.05.1997
887,Nikola Vlašić,04.10.1997
891,Christoph Baumgartner,01.08.1999
892,Josko Gvardiol,23.01.2002
893,Mikael Lustig,13.12.1986
894,Kristoffer Olsson,30.06.1995
896,Ludwig Augustinsson,21.04.1994
897,Connor Roberts,23.09.1995
898,Chris Mepham,05.11.1997
900,Lukáš Masopust,12.02.1993
906,Mykola Shaparenko,04.10.1998
907,Georgiy Bushchan,31.05.1994
909,Dejan Kulusevski,25.04.2000
914,Marten de Roon,29.03.1991
915,Andrej Kramarić,19.06.1991
918,Wout Weghorst,07.08.1992
919,Donyell Malen,19.01.1999
922,Antonio Rüdiger,03.03.1993
924,Tyrone Mings,13.03.1993
927,Jakub Jankto,19.01.1996
928,Florian Grillitsch,07.08.1995
929,Rodrigo Hernández Cascante,22.06.1996
933,Ruslan Malinovskyi,04.05.1993
934,Antonín Barák,03.12.1994
935,Phil Foden,28.05.2000
936,Ryan Gravenberch,16.05.2002
937,Artem Besedin,31.03.1996
938,Luka Ivanušec,26.11.1998
939,Stefan Ilsanker,18.05.1989
940,Steven Berghuis,19.12.1991
941,Petr Ševčík,04.05.1994
942,David Brooks,08.07.1997
943,Clément Lenglet,17.06.1995
944,André Silva,06.11.1995
945,Philipp Lienhart,11.07.1996
946,Owen Wijndal,28.11.1999
947,João Félix,10.11.1999
948,Pierre Bengtsson,12.04.1988
949,Kevin Volland,30.07.1992
951,Sérgio Oliveira,02.06.1992
952,Marcel Halstenberg,27.09.1991
953,Valentino Lazaro,24.03.1996
955,Harry Wilson,22.03.1997
956,Rúben Neves,13.03.1997
957,Gaetano Castrovilli,17.02.1997
958,Borna Barišić,10.11.1992
959,Cody Gakpo,07.05.1999
961,Filip Helander,22.04.1993
962,Marcus Thuram,06.08.1997
963,Tyler Roberts,12.01.1999
964,Gustav Svensson,07.02.1987
967,Jamal Musiala,26.02.2003
968,Roman Bezus,26.09.1990
970,Christopher Trimmel,24.02.1987
971,Thomas Lemar,12.11.1995
972,Karim Onisiwo,17.03.1992
973,Jens-lys Cajuste,10.08.1999
974,Loris Benito,07.01.1992
975,Hans Vanaken,24.08.1992
976,Eduard Sobol,20.04.1995
977,D. Levitt,17.11.2000
978,Patrick van Aanholt,29.08.1990
981,Dedryck Boyata,28.11.1990
982,Šime Vrsaljko,10.01.1992
985,Andrea Belotti,20.12.1993
986,Fabian Schär,20.12.1991
987,Kevin Mbabu,19.04.1995
992,Duje Ćaleta-Car,17.09.1996
993,Ruben Vargas,05.08.1998
995,Josip Juranović,16.08.1995
996,Andreas Ulmer,30.10.1985
997,Ante Rebić,21.09.1993
998,Mario Gavranović,24.11.1989
999,Bryan Cristante,03.03.1995
1000,Christian Nørgaard,10.03.1994
1001,Marcelo Brozović,16.11.1992
1002,Reece James,08.12.1999
1003,Leander Dendoncker,15.04.1995
1004,Mislav Oršić,29.12.1992
1005,Mathias Jensen,01.01.1996
1007,Rafa,17.05.1993
1010,Andreas Cornelius,16.03.1993
1011,Taras Stepanenko,08.08.1989
1012,Bruno Petkovic,16.09.1994
1013,Palhinha,09.07.1995
1014,Jadon Sancho,25.03.2000
1015,Sasa Kalajdzic,07.07.1997
1016,Sergiy Kryvtsov,15.03.1991
1017,Denis Zakaria,20.11.1996
1018,Marcus Berg,17.08.1986
1021,Marcus Rashford,31.10.1997
1022,Viktor Tsygankov,15.11.1997
1023,Alex Král,19.05.1998
1024,Nacer Chadli,02.08.1989
1025,Fabián Ruíz Peña,03.04.1996
1028,Gayà,25.05.1995
1029,Joachim Andersen,31.05.1996
1030,Josip Brekalo,23.06.1998
1031,N. Williams,13.04.2001
1032,Jude Bellingham,29.06.2003
1033,Pavel Kadeřábek,25.04.1992
1035,Robin Quaison,09.10.1993
1036,Louis Schaub,29.12.1994
1037,Olivier Giroud,30.09.1986
1038,Alessandro Schöpf,07.02.1994
1039,Diogo Dalot,18.03.1999
1040,Christian Fassnacht,11.11.1993
1041,Yevhen Makarenko,21.05.1991
1042,Jules Koundé,12.11.1998
1043,Nathan Aké,18.02.1995
1044,Giacomo Raspadori,18.02.2000
1045,Marlos,07.06.1988
1046,Michael Krmenčík,15.03.1993
1047,Leandro Trossard,04.12.1994
1049,Adama,25.01.1996
1050,Corentin Tolisso,03.08.1994
1052,Mario Pašalić,09.02.1995
1053,Djibril Sow,06.02.1997
1054,Andreas Skov Olsen,29.12.1999
1055,Jonas Wind,07.02.1999
1056,Adam Hložek,25.07.2002
1058,Robin van Persie,06.08.1983
1062,Ante Budimir,22.07.1991
1063,Admir Mehmedi,16.03.1991
1064,Matěj Vydra,01.05.1992
1065,Jakub Brabec,06.08.1992
1066,Emil Krafth,02.08.1994
1077,Quincy Promes,04.01.1992
1078,Timo Werner,06.03.1996
1095,Timothy Castagne,05.12.1995
1097,Dominic Calvert-Lewin,16.03.1997
1101,Łukasz Piszczek,03.06.1985
1102,Donny van de Beek,18.04.1997
1107,Wes Morgan,21.01.1984
1108,Fernando Llorente,26.02.1985
1109,Miranda,07.09.1984
1110,Sami Khedira,04.04.1987
1116,Douglas Costa,14.09.1990
1117,Jens Toornstra,04.04.1989
1118,Christian Fuchs,07.04.1986
1119,Davy Pröpper,02.09.1991
1127,Roberto Firmino,02.10.1991
1133,Christian Gentner,14.08.1985
1134,Neven Subotić,10.12.1988
1135,Toby Alderweireld,02.03.1989
1136,Fabinho,23.10.1993
1137,Mathieu Debuchy,28.07.1985
1138,Javi Martinez,02.09.1988
1139,Rolando,31.08.1985
1140,Javier Hernández,01.06.1988
1141,Willian,09.08.1988
1148,Danny Drinkwater,05.03.1990
1150,Oscar,09.09.1991
1151,Marcos Alonso,28.12.1990
1152,Shinji Okazaki,16.04.1986
1153,Jetro Willems,30.03.1994
1156,Federico Valverde,22.07.1998
1157,Obafemi Martins,28.10.1984
1158,Eljero Elia,13.02.1987
1159,Victor Moses,12.12.1990
1160,Wout Brama,21.08.1986
1161,Luciano Narsingh,13.09.1990
1169,Aleksandar Kolarov,10.11.1985
1170,Rodrigo Moreno Machado,06.03.1991
1171,Eric Botteghin,31.08.1987
1174,Franco Cervi,26.05.1994
1175,Gastón Pereiro,11.06.1995
1176,Sergio Romero,22.02.1987
1177,Sven Bender,27.04.1989
1179,Jardel,29.03.1986
1180,Raúl García,11.07.1986
1181,Silvestre Gonçalves Varela,02.02.1985
1182,Marc Albrighton,18.11.1989
1186,Jan-Arie van der Heijden,03.03.1988
1187,Eliaquim Mangala,13.02.1991
1188,Idrissa Gueye,26.09.1989
1191,Jeffrey Bruma,13.11.1991
1192,Valère Germain,17.04.1990
1193,Karim Rekik,02.12.1994
1194,Odisseas Vlachodimos,26.04.1994
1195,Matheus Uribe,21.03.1991
1196,Tiémoué Bakayoko,17.08.1994
1199,Steven Bergwijn,08.10.1997
1200,Giovani Lo Celso,09.04.1996
1201,Arouna Koné,11.11.1983
1202,Javi García,08.02.1987
1205,Douglas Franco Teixeira,12.01.1988
1211,Adriano,26.10.1984
1212,Mamadou Sakho,13.02.1990
1213,Vurnon Anita,04.04.1989
1215,Joe Gomez,23.05.1997
1218,Zé Luís,24.01.1991
1222,Arthur Henrique Ramos Oliveira Melo,12.08.1996
1223,Noussair Mazraoui,14.11.1997
1224,Ljubomir Fejsa,14.08.1988
1229,Luis Diaz,13.01.1997
1230,Fernando Belluschi,10.09.1983
1231,Yuri,10.02.1990
1234,Andreas Samaris,13.06.1989
1250,Wilson Manafá,23.07.1994
1251,Jonny Evans,03.01.1988
1252,Cristian Tello,19.08.1991
1256,Mathieu Valbuena,28.09.1984
1257,Chancel Mbemba,08.08.1994
1258,Bart Ramselaar,29.06.1996
1260,Goran Pandev,27.07.1983
1261,John Obi Mikel,22.04.1987
1262,Leonardo Ulloa,26.07.1986
1263,Benjamin Stambouli,13.08.1990
1264,Terence Kongolo,14.02.1994
1265,Moussa Diaby,07.07.1999
1266,Ragnar Klavan,30.10.1985
1267,Loïc Rémy,02.01.1987
1269,Mehdi Carcela-Gonzalez,01.07.1989
1279,Tom Cleverley,12.08.1989
1280,Sebastian Rudy,28.02.1990
1281,Jeffrey Schlupp,23.12.1992
1283,Óliver Torres,10.11.1994
1284,Miquel Nelom,22.09.1990
1285,Ola John,19.05.1992
1289,Gedson Fernandes,09.01.1999
1290,Raúl Jiménez,05.05.1991
1291,Fábio Coentrão,11.03.1988
1292,José Callejón,11.02.1987
1294,Bilal Başaçıkoğlu,26.03.1995
1295,Cristian Săpunaru,05.04.1984
1296,Graziano Pellè,15.07.1985
1304,Adrián,08.01.1988
1305,André Carrillo,14.06.1991
1306,Christian Atsu,10.01.1992
1320,Rúben Micael,19.08.1986
1321,Emanuele Giaccherini,05.05.1985
1332,Zlatan Ibrahimović,03.10.1981
1333,Diego Maradona,30.10.1960
1344,Virgil van Dijk,08.07.1991
1345,Carlos Tévez,05.02.1984
1358,Diego Costa,07.10.1988
1359,Edin Džeko,17.03.1986
1360,Sadio Mané,10.04.1992
1369,Mohamed Salah,15.06.1992
1370,Lisandro López,02.03.1983
1378,Hulk,25.07.1986
1379,Enzo Pérez,22.02.1986
1380,Jackson Martínez,03.10.1986
1387,Alex Telles,15.12.1992
1389,Hirving Lozano,30.07.1995
1390,Javier Mascherano,08.06.1984
1397,Nemanja Matić,01.08.1988
1409,Guillaume Hoarau,05.03.1984
1410,Ezequiel Garay,10.10.1986
1419,Aurélien Chedjou,20.06.1985
1420,Alexis Sánchez,19.12.1988
1421,Nicolai Jørgensen,15.01.1991
1425,Felipe,16.05.1989
1426,Agustín Marchesín,16.03.1988
1432,Nuri Şahin,05.09.1988
1433,Nicolás Gaitán,23.02.1988
1434,Heurelho Silva Gomes,15.02.1981
1435,Steven Defour,15.04.1988
1441,David Luiz,22.04.1987
1442,Paulinho,25.07.1988
1443,Maicon,14.09.1988
1444,João Cancelo,27.05.1994
1448,Benjamin Mendy,17.07.1994
1449,Bruno Alves,27.11.1981
1460,Konstantinos Mitroglou,12.03.1988
1471,Younès Belhanda,25.02.1990
1480,Facundo Ferreyra,14.03.1991
1481,Naby Keïta,10.02.1995
1482,Andreas Beck,13.03.1987
1484,Bojan,28.08.1990
1486,Miroslav Stoch,19.10.1989
1487,Ibrahim Afellay,02.04.1986
1488,Pontus Wernbloom,25.06.1986
1489,Vieirinha,24.01.1986
1490,Kevin-Prince Boateng,06.03.1987
1491,Lisandro López,01.09.1989
1492,Takumi Minamino,16.01.1995
1493,Ryan Babel,19.12.1986
1498,Dmytro Chygrynskyi,07.11.1986
1499,Jeremain Lens,24.11.1987
1500,Rasmus Lindgren,29.11.1984
1502,Peter Pekarík,30.10.1986
1505,José Sá,17.01.1993
1510,Leandro Paredes,29.06.1994
1511,Gökhan Inler,27.06.1984
1513,Danny Hoesen,15.01.1991
1514,Andrija Živković,11.07.1996
1515,Diego Reyes,19.09.1992
1516,Luka Jović,23.12.1997
1517,Stevan Jovetić,02.11.1989
1518,Stefan Savić,08.01.1991
1519,Darío Cvitanich,16.05.1984
1520,Marko Pjaca,06.05.1995
1521,P. Osvaldo,12.01.1986
1522,Brahim Díaz,03.08.1999
1526,Odriozola,14.12.1995
1527,Miguel Layún,25.06.1988
1528,Bernard Parker,16.03.1986
1529,Hernâni,20.08.1991
1530,Edgar,03.01.1987
1537,Klaas-Jan Huntelaar,12.08.1983
1539,Alan Kardec,12.01.1989
1540,Gonçalo Paciência,01.08.1994
1556,Henrikh Mkhitaryan,21.01.1989
1557,De Gea,07.11.1990
1558,Soldado,27.05.1985
1571,Jérôme Boateng,03.09.1988
1572,Joaquín,21.07.1981
1577,Lukas Podolski,04.06.1985
1596,Andy Carroll,06.01.1989
1597,Nolito,15.10.1986
1605,Diego López,03.11.1981
1611,Federico Fazio,17.03.1987
1616,Adam Lallana,10.05.1988
1620,Luiz Gustavo,23.07.1987
1622,Christian Maggio,11.02.1982
1623,Gary Cahill,19.12.1985
1624,Lucas Leiva,09.01.1987
1625,Demba Ba,25.05.1985
1630,Łukasz Fabiański,18.04.1985
1636,Wilfried Bony,10.12.1988
1639,Giovani dos Santos,11.05.1989
1640,Adem Ljajić,29.09.1991
1641,Maxime Gonalons,10.03.1989
1643,Nacho Monreal,26.02.1986
1644,Andrea Ranocchia,16.02.1988
1645,Jean Michaël Seri,19.07.1991
1646,Willy Caballero,28.09.1981
1649,Ben Foster,03.04.1983
1650,Fernando Gago,10.04.1986
1651,Danny Rose,02.07.1990
1652,Mario Suárez,24.02.1987
1662,Simon Mignolet,06.03.1988
1663,André Ayew,17.12.1989
1664,Morgan Schneiderlin,08.11.1989
1667,Victor Wanyama,25.06.1991
1668,De Marcos,14.04.1989
1669,Fabricio Coloccini,22.01.1982
1673,Illarramendi,08.03.1990
1674,Simone Padoin,18.03.1984
1679,Steven Fletcher,26.03.1987
1680,David Ospina,31.08.1988
1681,Dieumerci Mbokani,22.11.1985
1682,Emiliano Insúa,07.01.1989
1688,Sofiane Feghouli,26.12.1989
1689,Ömer Toprak,21.07.1989
1690,Steven Nzonzi,15.12.1988
1691,Rafael,09.07.1990
1694,Marcos Rojo,20.03.1990
1696,Lee Chung Yong,02.07.1988
1697,Ádám Szalai,09.12.1987
1698,Kieran Gibbs,26.09.1989
1699,Lee Dong Gook,29.04.1979
1700,Ryan Shawcross,04.10.1987
1701,Demarai Gray,28.06.1996
1703,Dejan Damjanović,27.07.1981
1704,Fábio Pereira da Silva,09.07.1990
1705,Fraizer Campbell,13.09.1987
1706,Zheng Zhi,20.08.1980
1707,Abdou Diallo,04.05.1996
1708,Kévin N'Doram,22.01.1996
1709,Michael Langer,06.01.1985
1710,Marcin Wasilewski,09.06.1980
1714,Abdelhamid El Kaoutari,17.03.1990
1722,Henri Saivet,26.10.1990
1723,Alexander Esswein,25.03.1990
1731,Jamie Vardy,11.01.1987
1756,Hilton,13.09.1977
1757,Mapou Yanga-M'Biwa,15.05.1989
1773,Jemerson,24.08.1992
1780,Guido Carrillo,25.05.1991
1781,Almamy Touré,28.04.1996
1794,Ricardo Costa,16.05.1981
1795,Nabil Dirar,25.02.1986
1796,Ritchie De Laet,28.11.1988
1799,Pape Souaré,06.06.1990
1800,Manquillo,05.05.1994
1801,José María Giménez,20.01.1995
1803,Grégory Sertic,05.08.1989
1804,Jordan Ayew,11.09.1991
1805,Seydou Sy,12.12.1995
1806,Jorge,28.03.1996
1807,Loïc Badiashile,05.02.1998
1808,Irvin Cardona,08.08.1997
1814,Daniel Amartey,21.12.1994
1833,Christian Pulisic,18.09.1998
1838,Mason Greenwood,01.10.2001
1839,Scott McTominay,08.12.1996
1840,Nikola Milenković,12.10.1997
1841,Mattéo Guendouzi,14.04.1999
1842,Marc Cucurella,22.07.1998
1843,Dwight McNeil,22.11.1999
1844,Ansu Fati,31.10.2002
1846,Pervis Estupiñán,21.01.1998
1847,Musa Barrow,14.11.1998
1848,Mohammed Kudus,02.08.2000
1849,Eric García,09.01.2001
1851,Edmond Tapsoba,02.02.1999
1852,Eduardo Camavinga,10.11.2002
1853,Marcus Edwards,03.12.1998
1854,David Neres,03.03.1997
1855,Marash Kumbulla,08.02.2000
1856,Emerson,14.01.1999
1857,Gabriel Martinelli,18.06.2001
1858,Jeff Reine-Adelaïde,17.01.1998
1859,Fikayo Tomori,19.12.1997
1860,Wendel,28.08.1997
1861,Luca Pellegrini,07.03.1999
1862,Dan-Axel Zagadou,03.06.1999
1863,Éder Militão,18.01.1998
1864,Hamed Junior Traorè,16.02.2000
1865,Orkun Kökçü,29.12.2000
1867,Luís Maximiano,05.01.1999
1868,Sergiño Dest,03.11.2000
1869,Ainsley Maitland-Niles,29.08.1997
1870,Tom Davies,30.06.1998
1871,Jérémy Doku,27.05.2002
1873,Exequiel Palacios,05.10.1998
1874,Pedro Neto,09.03.2000
1875,Brandon Williams,03.09.2000
1877,Thiago Almada,26.04.2001
1880,Sander Berge,18.02.1998
1881,Mickaël Cuisance,16.08.1999
1882,Giovanni Reyna,13.11.2002
1883,Bryan Mbeumo,07.08.1999
1884,Nehuén Pérez,24.06.2000
1885,Agustín Urzi,04.05.2000
1886,Maxence Caqueret,15.02.2000
1888,Jesus Carvalho,19.01.2002
1889,Salcedo,01.10.2001
1890,Sebastiano Esposito,02.07.2002
1891,Vranckx,04.10.2002
1892,Tanguy Kouassi,07.06.2002
1893,Japhet Tanganga,31.03.1999
1894,Álex Centelles,30.08.1999
1895,Gianluca Gaetano,05.05.2000
1896,Ethan Ampadu,14.09.2000
1897,Šutalo,01.01.2000
1898,Curtis Jones,30.01.2001
1899,Maarten Vandevoordt,26.02.2002
1900,Bruno Guimarães,16.11.1997
1902,Sancet,25.04.2000
1903,Billy Gilmour,11.06.2001
1904,Rayan Aït Nouri,06.06.2001
1905,Giorgi Tsitaishvili,18.11.2000
1906,Raoul Bellanova,17.05.2000
1907,Nicolò Armini,07.03.2001
1908,Domagoj Bradarić,10.12.1999
1909,Lautaro Martínez,22.08.1997
1913,Tammy Abraham,02.10.1997
1914,Tanguy Ndombele,28.12.1996
1915,Raphael Dias Belloli,14.12.1996
1916,Lucas Paquetá,27.08.1997
1920,Cengiz Ünder,14.07.1997
1921,Issa Diop,09.01.1997
1925,Aleñà,05.01.1998
1926,Ibrahima Konaté,25.05.1999
1931,Jonathan Ikoné,02.05.1998
1932,Nicolò Zaniolo,02.07.1999
1933,Matías Vargas,08.05.1997
1936,Florian Neuhaus,16.03.1997
1937,Weston McKennie,28.08.1998
1938,Erling Braut Haaland,21.07.2000
1939,Adrien Silva,26.03.1997
1940,Jorge Meré,17.04.1997
1942,Lodi,08.04.1998
1944,Rolando Mandragora,29.06.1997
1945,Nordi Mukiele,01.11.1997
1946,Emil Audero,18.01.1997
1947,Riccardo Orsolini,24.01.1997
1948,Brais Méndez,07.01.1997
1949,Luiz Felipe,22.03.1997
1950,Rodrygo,09.01.2001
1951,Krépin Diatta,25.02.1999
1952,Callum Hudson-Odoi,07.11.2000
1953,Kangin Lee,19.02.2001
1954,Reguilón,16.12.1996
1956,Samuel Chukwueze,22.05.1999
1957,Hwang Hee Chan,26.01.1996
1958,Jacob Bruun Larsen,19.09.1998
1959,Victor Osimhen,29.12.1998
1960,Tyler Adams,14.02.1999
1961,Ibrahim Sangaré,02.12.1997
1962,Ryan Sessegnon,18.05.2000
1963,Obite Evan NDicka,20.08.1999
1965,Calvin Stengs,18.12.1998
1966,Moise Kean,28.02.2000
1967,Arne Maier,08.01.1999
1970,Boubacar Kamara,23.11.1999
1971,Juan Foyth,12.01.1998
1972,Sandro Tonali,08.05.2000
1973,Jonathan David,14.01.2000
1976,Andriy Lunin,11.02.1999
1977,Filip Benković,13.07.1997
1978,Ismaël Bennacer,01.12.1997
1979,Axel Tuanzebe,14.11.1997
1980,Harvey Barnes,09.12.1997
1981,Panagiotis Retsos,09.08.1998
1982,Dominik Szoboszlai,25.10.2000
1983,Diego Lainez,09.06.2000
1984,Ozan Muhammed Kabak,25.03.2000
1985,Christian Kouamé,06.12.1997
1986,Hannes Wolf,16.04.1999
1987,Matheus Cunha,27.05.1999
1988,Javairô Dilrosun,22.06.1998
1989,Alessandro Bastoni,13.04.1999
1992,Rafael Leão,10.06.1999
1993,Reiss Nelson,10.12.1999
1994,Cristian Romero,27.04.1998
1995,Takehiro Tomiyasu,05.11.1998
1996,Boubakary Soumaré,27.02.1999
1997,Pedro Porro,13.09.1999
1998,William Saliba,24.03.2001
1999,Alexis Claude-Maurice,06.06.1998
2000,Paik Seung Ho,17.03.1997
2001,Max Aarons,04.01.2000
2005,Riqui Puig,13.08.1999
2006,Yari Verschaeren,12.07.2001
2007,Gonzalo Maroni,18.03.1999
2008,Takefusa Kubo,04.06.2001
2009,Jeong Woo Yeong,20.09.1999
2010,Paulinho,15.07.2000
2016,Eljif Elmas,24.09.1999
2017,Jean-Clair Todibo,30.12.1999
2018,Tete,15.02.2000
2019,Borja Iglesias,17.01.1993
2020,Bas Dost,31.05.1989
2021,Thiago Mendes,15.03.1992
2030,Gerónimo Rulli,20.05.1992
2031,Dani Ceballos,07.08.1996
2032,Manuel Lazzari,29.11.1993
2033,Maximiliano Gómez,14.08.1996
2034,Pablo Fornals,22.02.1996
2037,Ismaïla Sarr,25.02.1998
2039,Allan Saint-Maximin,12.03.1997
2041,Ralf Fährmann,27.09.1988
2042,Jony,09.07.1991
2043,Aaron Wan-Bissaka,26.11.1997
2044,Simone Verdi,12.07.1992
2045,Jeison Murillo,27.05.1992
2048,Luis Muriel,16.04.1991
2049,Roque Mesa,07.06.1989
2050,Téji Savanier,22.12.1991
2051,Jean-Philippe Gbamin,25.09.1995
2052,Darío Benedetto,17.05.1990
2053,Angeliño,04.01.1997
2054,Martin Ødegaard,17.12.1998
2055,Salomón Rondón,16.09.1989
2060,Elkeson,13.07.1989
2061,Milan Badelj,25.02.1989
2062,Takashi Inui,02.06.1988
2063,Rubén Peña,18.07.1991
2064,Alban Lafont,23.01.1999
2065,Alex Iwobi,03.05.1996
2066,Joelinton,14.08.1996
2067,Yusuf Yazıcı,29.01.1997
2068,Wesley,24.11.1996
2071,Diadie Samassekou,11.01.1996
2072,Ihlas Bebou,23.04.1994
2073,Ellyes Skhiri,10.05.1995
2074,Lisandro Martínez,18.01.1998
2075,Kim Shin Wook,14.04.1988
2076,Fernandinho,16.03.1993
2077,Uroš Đerić,28.05.1992
2078,Kim Ho Nam,14.06.1989
2082,Leonardo,22.09.1986
2083,Kim Seung Gyu,30.09.1990
2084,Kim Seung Dae,01.04.1991
2085,Stanislav Iljutcenko,13.08.1990
2090,Kim Do Hyeok,08.02.1992
2091,Julian Brandt,02.05.1996
2098,Max Kruse,19.03.1988
2100,Samuel Rosa Gonçalves,25.02.1991
2101,Mauro Icardi,19.02.1993
2102,Nabil Fekir,18.07.1993
2116,Kostas Manolas,14.06.1991
2117,Wissam Ben Yedder,12.08.1990
2118,Sébastien Haller,22.06.1994
2119,Pau López,13.12.1994
2120,Kerem Demirbay,03.07.1993
2123,Benjamin Lecomte,26.04.1991
2124,Portu,21.05.1992
2125,Kenneth Omeruo,17.10.1993
2126,Renato Steffen,03.11.1991
2127,Tyler Boyd,30.12.1994
2128,Renzo Saravia,16.06.1993
2129,Andre Blake,21.11.1990
2130,Kemar Lawrence,17.09.1992
2131,Daniel Lovitz,27.08.1991
2132,Cristian Roldan,03.06.1995
2133,Sada Thioub,01.06.1995
2143,Pape Abou Cissé,14.09.1995
2144,Chidozie Awaziem,01.01.1997
2148,Rui Patrício,15.02.1988
2151,Reggie Cannon,11.06.1998
2158,Kalidou Koulibaly,20.06.1991
2159,Guillermo Ochoa,13.07.1985
2161,Trent Alexander-Arnold,07.10.1998
2179,Jonathan dos Santos,26.04.1990
2180,Odion Ighalo,16.06.1989
2186,Raïs M&amp;#39;Bolhi,25.04.1986
2187,Yassine Meriah,02.07.1993
2191,Lamine Gassama,20.10.1989
2197,Germán Pezzella,27.06.1991
2198,Jesse Lingard,15.12.1992
2199,Keita Baldé Diao,08.03.1995
2200,Charles Aránguiz,17.04.1989
2201,Dele Alli,11.04.1996
2204,Youssouf Sabaly,05.03.1993
2205,Edouard Mendy,01.03.1992
2207,Ahmed Musa,14.10.1992
2208,Alfred Gomis,05.09.1993
2209,Eduardo Vargas,20.11.1989
2220,Rodrigo De Paul,24.05.1994
2221,Erick Pulgar,15.01.1994
2222,Aaron Long,12.10.1992
2223,Luis Rodríguez,21.01.1991
2227,Salif Sané,25.08.1990
2230,Ross Barkley,05.12.1993
2234,Richarlison,10.05.1997
2235,Zack Steffen,02.04.1995
2236,Jozy Altidore,06.11.1989
2238,Islam Slimani,18.06.1988
2239,Gabriel Arias,13.09.1987
2240,Jordan Morris,26.10.1994
2241,Jesús Gallardo,15.08.1994
2244,Yann Sommer,17.12.1988
2246,Onyinye Ndidi,16.12.1996
2247,Leon Bailey,09.08.1997
2248,Daniel Akpeyi,08.03.1986
2251,Cheikhou Kouyaté,21.12.1989
2252,Wahbi Khazri,08.02.1991
2257,Pizzi,06.10.1989
2258,Edison Flores,14.05.1994
2259,Carlos Salcedo,29.09.1993
2261,Paul Arriola,05.02.1995
2264,Ben Chilwell,21.12.1996
2267,Jefferson Farfán,26.10.1984
2274,José Pedro Fuenzalida,22.02.1985
2275,Tim Ream,05.10.1987
2279,Carlos Rodríguez,03.01.1997
2283,Franco Armani,16.10.1986
2284,Roberto Alvarado,07.09.1998
2285,Youcef Atal,17.05.1996
2286,Héctor Moreno,17.01.1988
2287,Beto,01.05.1982
2289,Leon Balogun,28.06.1988
2290,Alfred N'Diaye,06.03.1990
2292,Omar Gonzalez,11.10.1988
2293,Jack Butland,10.03.1993
2294,Rodolfo Pizarro,15.02.1994
2295,Matt Miazga,19.07.1995
2297,M'Baye Niang,19.12.1994
2298,William Troost-Ekong,01.09.1993
2299,Ola Aina,08.10.1996
2300,Mohamed Fares,15.02.1996
2301,Oghenekaro Etebo,09.11.1995
2302,Dylan Bronn,19.06.1995
2303,Edson Álvarez,24.10.1997
2304,Jean Beausejour,01.06.1984
2305,Néstor Araujo,29.08.1991
2306,Ramiro Funes Mori,05.03.1991
2310,Oussama Haddadi,28.01.1992
2311,Walker Zimmerman,19.05.1993
2312,Renato Tapia,28.07.1995
2315,Ramy Bensebaini,16.04.1995
2316,Tom Heaton,15.04.1986
2317,Pablo Hernández,24.10.1986
2318,Luis Montes,15.05.1986
2322,Henry Onyekuru,05.06.1997
2323,Luis Advíncula,02.03.1990
2324,Hervé Bazile,18.03.1990
2325,Callum Wilson,27.02.1992
2326,Guido Pizarro,26.02.1990
2327,Wil Trapp,15.01.1993
2328,Milton Casco,11.04.1988
2329,Samuel Kalu,26.08.1997
2331,Dyego Sousa,14.09.1989
2332,Pedro Gallese,23.02.1990
2333,Bassem Srarfi,25.06.1997
2334,Jonathan Orozco,12.05.1986
2335,Gonzalo Jara,29.08.1985
2336,François Moubandje,21.06.1990
2339,Michael Lang,08.02.1991
2341,Tonny Vilhena,03.01.1995
2342,Mário Rui,27.05.1991
2343,Ángelo Sagal,18.04.1993
2344,Moses Simon,12.07.1995
2345,Hans Hateboer,09.01.1994
2346,César Montes,24.02.1997
2347,Luis Abram,27.02.1996
2348,Moussa Wagué,04.10.1998
2349,Sean Johnson,31.05.1989
2350,Andy Delort,09.10.1991
2351,Saliou Ciss,15.06.1989
2353,Michael Hector,19.07.1992
2354,Raúl Ruidíaz,25.07.1990
2355,Yoshimar Yotún,07.04.1990
2356,Yvon Mvogo,06.06.1994
2357,Moussa Konaté,03.04.1993
2358,Diego Valdés,30.01.1994
2362,Juan Musso,06.05.1994
2363,Edimilson Fernandes,15.04.1996
2365,Nick Lima,17.11.1994
2366,Jamilu Collins,05.08.1994
2367,Marco Bizot,10.03.1991
2368,Rafik Halliche,02.09.1986
2369,Andy Polo,29.09.1994
2370,Orbelín Pineda,24.03.1996
2371,Frantzdy Pierrot,29.03.1995
2372,Mehdi Abeid,06.08.1992
2375,Hugo González,01.08.1990
2376,Matías Suárez,09.05.1988
2377,Abdoulaye Diallo,30.03.1992
2378,Ebere Paul Onuachu,28.05.1994
2379,Esteban Pavez,01.05.1990
2380,Paulo Díaz,25.08.1994
2381,Óscar Opazo,18.10.1990
2382,Mbaye Diagne,28.10.1991
2383,Noah Okafor,24.05.2000
2384,Derrick Etienne Jr.,25.11.1996
2385,Alexander Callens,04.05.1992
2386,Brayan Cortés,29.05.1995
2388,Alexis Vega,25.11.1997
2389,Alexandre Oukidja,19.07.1988
2390,Aldo Corzo,20.05.1989
2391,Azzeddine Doukha,05.08.1986
2392,Miguel Araujo,24.10.1994
2393,Christofer Gonzáles,12.10.1992
2394,Dever Orgill,08.03.1990
2395,Jonas Omlin,10.01.1994
2396,Tyler Miller,12.03.1993
2397,Peter-Lee Vassell,15.03.1999
2404,Josepmir Ballón,21.03.1988
2405,Yerko Urra,09.07.1996
2407,Giacomo Bonaventura,22.08.1989
2411,Carlos Cáceda,27.09.1991
2412,Carlens Arcus,28.06.1996
2413,Zachary Herivaux,01.02.1996
2414,Juraj Kucka,26.02.1987
2415,Gervinho,27.05.1987
2418,Romain Hamouma,29.03.1987
2423,Souleymane Camara,22.12.1982
2424,Andrea Masiello,05.02.1986
2425,Adrian Mariappa,03.10.1986
2430,Francesco Magnanelli,12.11.1984
2431,Sergio Escudero Palomo,02.09.1989
2432,Wilfried Zaha,10.11.1992
2433,Kenny Lala,03.10.1991
2434,Roberto Baggio,18.02.1967
2489,Cha Bum Kun,22.05.1953
2492,Oliver Kahn,15.06.1969
2493,Loïc Perrin,07.08.1985
2502,Samir Handanovič,14.07.1984
2513,Alexandre Lacazette,28.05.1991
2533,Jan Oblak,07.01.1993
2534,Aduriz,11.02.1981
2544,Alejandro Gómez,15.02.1988
2558,Naldo,10.09.1982
2567,Nicolas Pépé,29.05.1995
2568,Claudio Pizarro,03.10.1978
2569,Leighton Baines,11.12.1984
2578,Kevin Trapp,08.07.1990
2583,Marco Parolo,25.01.1985
2584,Muniain,19.12.1992
2585,Bernd Leno,04.03.1992
2586,Diego Demme,21.11.1991
2591,Manu García,26.04.1986
2592,Stéphane Ruffier,27.09.1986
2593,Troy Deeney,29.06.1988
2594,Sebastian Prödl,21.06.1987
2595,Senad Lulić,18.01.1986
2600,Josip Iličić,29.01.1988
2601,Matt Doherty,16.01.1992
2605,Williams,15.06.1994
2606,Dimitri Liénard,13.02.1988
2607,Bert Trautmann,22.10.1923
2608,Andrea Consigli,27.01.1987
2609,Joel Ward,29.10.1989
2610,Victor Sánchez,08.09.1987
2616,Joleon Lescott,16.08.1982
2617,Landon Donovan,04.03.1982
2618,Glenn Murray,25.09.1983
2623,Abdoulaye Doucouré,01.01.1993
2626,Canales,16.02.1991
2627,Javi López,21.01.1986
2628,Conor Coady,25.02.1993
2629,Kurt Zouma,27.10.1994
2630,Pacheco,18.05.1992
2631,Edgar Barreto,15.07.1984
2632,Craig Cathcart,06.02.1989
2633,Laguardia,05.11.1989
2634,Ibai Gómez,11.11.1989
2635,Yunis Abdelhamid,28.09.1987
2637,Walter Benítez,19.01.1993
2638,Oliver Fink,06.06.1982
2639,Jonas Martin,09.04.1990
2641,Christian Stuani,12.10.1986
2642,Davide Zappacosta,11.06.1992
2643,Ludovic Ajorque,25.02.1994
2644,Rémi Oudin,18.11.1996
2647,Michael Rensing,14.05.1984
2648,Marco Sau,03.11.1987
2649,John Guidetti,15.04.1992
2650,Kaan Ayhan,10.11.1994
2651,Anthony Briançon,29.11.1994
2658,Alaixys Romao,18.01.1984
2659,Rouwen Hennings,28.08.1987
2660,Loïck Landre,05.05.1992
2689,Dani Alves,06.05.1983
2698,Rafinha,07.09.1985
2713,Mario Gómez,10.07.1985
2714,Dejan Lovren,05.07.1989
2715,Sven Ulreich,03.08.1988
2723,Andrea Barzagli,08.05.1981
2724,Bacary Sagna,14.02.1983
2751,Arjen Robben,23.01.1984
2752,Casillas,20.05.1981
2804,Djibril Sidibé,29.07.1992
2808,Benedikt Höwedes,29.02.1988
2809,Saúl,21.11.1994
2818,Juanfran,09.01.1985
2819,Mario Mandžukić,21.05.1986
2820,Peter Crouch,30.01.1981
2833,Filipe Luís,09.08.1985
2852,Diego Perotti,26.07.1988
2853,Aly Cissokho,15.09.1987
2859,John O'Shea,30.04.1981
2860,Daniele De Rossi,24.07.1983
2861,Danijel Subašić,27.10.1984
2865,Emmanuel Adebayor,26.02.1984
2866,Stephan Lichtsteiner,16.01.1984
2867,Chris Smalling,22.11.1989
2868,Juan Jesus,10.06.1991
2869,Loris Karius,22.06.1993
2870,Andrew Robertson,11.03.1994
2871,Andrea Raggi,24.06.1984
2879,Salomon Kalou,05.08.1985
2880,Joel Matip,08.08.1991
2888,Antonio Valencia,04.08.1985
2889,Darren Fletcher,01.02.1984
2896,André Schürrle,06.11.1990
2897,Daniele Bonera,31.05.1981
2898,Vincent Kompany,10.04.1986
2908,Darron Gibson,25.10.1987
2909,Montoya,14.04.1991
2916,Diego Contento,01.05.1990
2917,Jesé,26.02.1993
2918,Jérémy Mathieu,29.10.1983
2919,Martin Škrtel,15.12.1984
2926,Mariano Barbosa,27.07.1984
2927,Ryan Bertrand,05.08.1989
2935,Ángel Correa,09.03.1995
2936,Lorenzo Pellegrini,19.06.1996
2937,Granero,02.07.1987
2940,Julian Schieber,13.02.1989
2941,Thomas,13.06.1993
2944,Danny Ings,23.07.1992
2946,Dominic Solanke,14.09.1997
2949,Mike Summerbee,15.12.1942
2959,Mike Doyle,25.11.1946
2960,Paul Dickov,01.11.1972
2968,Anthony Martial,05.12.1995
2981,Alexandre Pato,02.09.1989
2985,Daniel Sturridge,01.09.1989
2994,Carlos Vela,01.03.1989
3021,Florian Thauvin,26.01.1993
3022,Sergej Milinković-Savić,27.02.1995
3023,Héctor Bellerín,19.03.1995
3024,Moussa Dembélé,12.07.1996
3028,Max Meyer,18.09.1995
3030,Alexandr Golovin,30.05.1996
3031,Dayot Upamecano,27.10.1998
3032,Kelvin Amian,08.02.1998
3033,Theo Hernández,06.10.1997
3034,Stefano Okaka,09.08.1989
3036,Eren Derdiyok,12.06.1988
3037,Pablo Piatti,31.03.1989
3038,Fabio Borini,23.03.1991
3041,Franco Di Santo,07.04.1989
3042,Ezequiel Muñoz,08.10.1990
3043,Alberto Paloschi,04.01.1990
3044,Bruno Martins Indi,08.02.1992
3051,Kelechi Iheanacho,03.10.1996
3052,Georgiy Schennikov,27.04.1991
3053,Luc Castaignos,27.09.1992
3054,Dennis Praet,14.05.1994
3055,Gastón Ramírez,02.12.1990
3059,Deulofeu,13.03.1994
3060,Ricardo Kishna,04.01.1995
3062,Benjamin Henrichs,23.02.1997
3063,Houssem Aouar,30.06.1998
3064,Justin Kluivert,05.05.1999
3066,Amadou Haidara,31.01.1998
3067,Tomáš Necid,13.08.1989
3068,Alan Dzagoev,17.06.1990
3069,Jonjo Shelvey,27.02.1992
3070,Pedro Obiang,27.03.1992
3071,Geoffrey Kondogbia,15.02.1993
3073,Matija Nastasić,28.03.1993
3074,Diego Laxalt,07.02.1993
3075,Fred,05.03.1993
3076,Anwar El Ghazi,03.05.1995
3077,Mahmoud Dahoud,01.01.1996
3078,Maxime Lopez,04.12.1997
3089,Jean-Kévin Augustin,16.06.1997
3090,Lucas Ocampos,11.07.1994
3094,Teun Koopmeiners,28.02.1998
3095,Nikola Kalinić,05.01.1988
3096,Patrick Cutrone,03.01.1998
3099,Erik Lamela,04.03.1992
3100,Yacine Brahimi,08.02.1990
3101,Mateo Musacchio,26.08.1990
3102,Jack Wilshere,01.01.1992
3124,Aleksandar Mitrović,16.09.1994
3125,Phil Jones,21.02.1992
3126,Oriol Romeu,24.09.1991
3132,Alessio Romagnoli,12.01.1995
3138,Micah Richards,24.06.1988
3142,Nabil Bentaleb,24.11.1994
3143,Jonathan Tah,11.02.1996
3144,Malcom,26.02.1997
3145,Renato Augusto,08.02.1988
3146,Gaël Kakuta,21.06.1991
3154,Diego Capel,16.02.1988
3155,Clément Grenier,07.01.1991
3156,Adnan Januzaj,05.02.1995
3157,Riechedly Bazoer,12.10.1996
3158,Enes Ünal,10.05.1997
3161,Malang Sarr,23.01.1999
3164,Aarón Martín Caricol,22.04.1997
3165,Fernando Forestieri,15.01.1990
3166,Sidnei,23.08.1989
3167,Mattia Destro,20.03.1991
3168,Joel Campbell,26.06.1992
3169,Jordon Ibe,08.12.1995
3171,Lazar Marković,02.03.1994
3172,Pablo Maffeo,12.07.1997
3173,Danilo,28.02.1996
3174,Manu García,02.01.1998
3175,Bebé,12.07.1990
3178,Ritsu Doan,16.06.1998
3180,Václav Kadlec,20.05.1992
3181,Yaya Sanogo,27.01.1993
3182,Calum Chambers,20.01.1995
3183,Brayan Perea,25.02.1993
3184,Antonio Sanabria,04.03.1996
3185,Jaïro Riedewald,09.09.1996
3187,Ezequiel Ponce,29.03.1997
3188,Amadou Diawara,17.07.1997
3191,Yann Karamoh,08.07.1998
3192,Jack Rodwell,11.03.1991
3193,Andrea Poli,29.09.1989
3194,Josip Radošević,03.04.1994
3200,Zakaria Bakkali,26.01.1996
3201,Felix Passlack,29.05.1998
3202,Viktor Kovalenko,14.02.1996
3205,Abdülkadir Ömür,25.06.1999
3206,Ramadan Sobhi,23.01.1997
3207,Sam Schreck,29.01.1999
3208,Vinícius Júnior,12.07.2000
3209,Youssef En-Nesyri,01.06.1997
3210,Álvaro,27.04.1991
3211,Jean-Christophe Bahebeck,01.05.1993
3212,Ruben Loftus-Cheek,23.01.1996
3213,Alen Halilović,18.06.1996
3214,Sebastián Cristóforo,23.08.1993
3215,Boschilia,05.03.1996
3216,Timothy Fosu-Mensah,02.01.1998
3218,Gerson,20.05.1997
3219,Javi Ontiveros,09.09.1997
3220,Marko Grujić,13.04.1996
3223,Achraf Hakimi,04.11.1998
3224,Joel Asoro,27.04.1999
3225,Pol Lirola,13.08.1997
3226,Fran Mérida,04.03.1990
3227,Adama,28.06.1995
3231,Mikkel Duelund,29.06.1997
3233,Christian Rivera,09.07.1997
3234,Mile Svilar,27.08.1999
3235,Lazaros Lamprou,19.12.1997
3236,Léo Jabá,02.08.1998
3237,Marcelo Saracchi,23.04.1998
3238,Federico Macheda,22.08.1991
3239,Dani Pacheco,05.01.1991
3240,Alexander Merkel,22.02.1992
3244,Dawid Kownacki,14.03.1997
3245,Valentino Müller,19.01.1999
3247,Aymen Barkok,21.05.1998
3248,Mikhail Lysov,29.01.1998
3249,Ilori,26.02.1993
3250,Nicolás González,06.04.1998
3251,Mauro Júnior,06.05.1999
3252,Levan Mchedlidze,24.03.1990
3253,Carlos Fernández,22.05.1996
3254,Cameron Carter-Vickers,31.12.1997
3255,Jean-Victor Makengo,12.06.1998
3256,Ronaël Pierre-Gabriel,13.06.1998
3259,Claud Adjapong,06.05.1998
3263,Samuele Longo,12.01.1992
3264,Marín,09.01.1997
3265,Pape Cheikh Diop,08.08.1997
3266,Emre Mor,24.07.1997
3267,Evander,09.06.1998
3268,Rúben Vinagre,09.04.1999
3271,Alex Pozo,22.02.1999
3276,Pietro Pellegri,17.03.2001
3278,Tosin Adarabioyo,24.09.1997
3286,Julian Green,06.06.1995
3288,Luca Zidane,13.05.1998
3294,Thibaud Verlinden,09.07.1999
3295,Toni Moya,20.03.1998
3296,Jovane Cabral,14.06.1998
3313,Jules Keita,20.07.1998
3361,Morientes,05.04.1976
3378,Medhi Benatia,17.04.1987
3389,Alisson,02.10.1992
3404,Jan Koller,30.03.1973
3426,Mauro Zárate,18.03.1987
3434,Yoann Gourcuff,11.07.1986
3465,Gabriel,26.11.1990
3466,Leonardo Pavoletti,26.11.1988
3471,Andros Townsend,16.07.1991
3472,Robbie Brady,14.01.1992
3473,Luka Milivojević,07.04.1991
3481,Oumar Niasse,18.04.1990
3482,Pelé,10.07.1989
3483,Hélder Costa,12.01.1994
3488,Mohamed Elneny,11.07.1992
3489,Milan Škriniar,11.02.1995
3490,Zhao Yuhao,07.04.1993
3491,Zhang Chenglin,20.01.1987
3502,Giampaolo Pazzini,02.08.1984
3515,Alex Teixeira,06.01.1990
3521,Felipe Anderson,15.04.1993
3522,Iñigo Martínez,17.05.1991
3523,Eric Bailly,12.04.1994
3529,Anthony Modeste,14.04.1988
3538,Davinson Sánchez,12.06.1996
3539,Lassana Diarra,10.03.1985
3546,Michael Keane,11.01.1993
3553,Papiss Demba Cissé,03.06.1985
3554,Manolo Gabbiadini,26.11.1991
3561,Paco Alcácer,30.08.1993
3562,Fredy Guarín,30.06.1986
3563,Ramires,24.03.1987
3564,Ander Herrera,14.08.1989
3576,Alessandro Matri,19.08.1984
3577,Cenk Tosun,07.06.1991
3581,Kwadwo Asamoah,09.12.1988
3597,Morgan Sanson,18.08.1994
3619,Taison,13.01.1988
3621,Yannick Bolasie,24.05.1989
3643,Ricardo Goulart,05.06.1991
3663,Kevin Kampl,09.10.1990
3712,Iago Aspas,01.08.1987
3723,Shkodran Mustafi,17.04.1992
3729,Bruno Petkovic,12.06.1984
3756,Claudio Marchisio,19.01.1986
3772,Sergio Asenjo,28.06.1989
3773,Víctor Ruíz,25.01.1989
3775,Eric Dier,15.01.1994
3789,Steve Mandanda,28.03.1985
3793,Manu Trigueros,17.10.1991
3813,Suso,19.11.1993
3814,Jonas Martin,01.04.1984
3830,Francis Coquelin,13.05.1991
3840,Edin Višća,17.02.1990
3841,Kepa Arrizabalaga,03.10.1994
3842,Franco Vázquez,22.02.1989
3843,Gelson Martins,11.05.1995
3851,Moyá,02.04.1984
3852,Manolo Gabbiadini,10.07.1983
3853,Gonzalo Castro,11.06.1987
3869,Fernando Muslera,16.06.1986
3870,Roman Bürki,14.11.1990
3878,Sergio Rico,01.09.1993
3880,Ricardo Pereira,06.10.1993
3884,Faouzi Ghoulam,01.02.1991
3893,Raúl,04.11.1989
3900,Nathaniel Clyne,05.04.1991
3905,Javi Fuego,04.01.1984
3911,Susaeta,14.12.1987
3912,Mario Gaspar,24.11.1990
3913,Aaron Mooy,15.09.1990
3920,Yaroslav Rakitskyi,03.08.1989
3921,Oğuzhan Özyakup,23.09.1992
3922,Mark Uth,24.08.1991
3923,Ismaily,11.01.1990
3933,Julian Weigl,08.09.1995
3934,Marcos Acuña,28.10.1991
3935,Moussa Marega,14.04.1991
3946,Rune Almenning Jarstein,29.09.1984
3947,Marcelo,20.05.1987
3956,Anthony Lopes,01.10.1990
3964,Emil Hallfreðsson,29.06.1984
3975,Gōtoku Sakai,14.03.1991
3977,Hakim Ziyech,19.03.1993
3978,Giancarlo González,08.02.1988
3979,Marko Dmitrović,24.01.1992
3983,Karol Linetty,02.02.1995
3984,Johan Mojica,21.08.1992
3985,Lukas Lerager,12.07.1993
3986,Karim Ansarifard,03.04.1990
3987,Paulinho,09.11.1992
3991,Bartosz Bereszyński,12.07.1992
3992,Oscar Hiljemark,28.06.1992
3993,Masoud Shojaei,09.06.1984
3995,Luís Maximiano,07.05.1992
3998,Thiago Cionek,21.04.1986
3999,Jan Bednarek,12.04.1996
4003,Lee Seung Woo,06.01.1998
4004,Francis Uzoho,28.10.1998
4005,Hamza Mendyl,21.10.1997
4006,Andriy Pyatov,28.06.1984
4010,Phil Jagielka,17.08.1982
4011,Kevin Mirallas,05.10.1987
4016,Dušan Basta,18.08.1984
4017,Cristian Ansaldi,20.09.1986
4018,Beñat,19.02.1987
4019,Nordin Amrabat,31.03.1987
4021,Jesús Corona,06.01.1993
4030,Marco Fabián,21.07.1989
4031,Bruno Xavier,03.11.1988
4032,Oliver Baumann,02.06.1990
4038,Allan,08.01.1991
4039,Willi Orban,03.11.1992
4040,Denis Suárez,06.01.1994
4041,Matias Vecino,24.08.1991
4042,Yerry Mina,23.09.1994
4045,Tiquinho Soares,17.01.1991
4046,Blerim Džemaili,12.04.1986
4048,Valon Behrami,19.04.1985
4049,Ştefan Radu,22.10.1986
4050,Celso Borges,27.05.1988
4051,Fredy Montero,26.07.1987
4056,Vadis Odjidja-Ofoe,21.02.1989
4057,Maximiliano Pereira,08.06.1984
4058,Kevin Vogt,23.09.1991
4059,Cristiano Piccini,26.09.1992
4061,Ognjen Vranješ,24.10.1989
4062,Matheus,19.07.1992
4063,Pione Sisto,04.02.1995
4065,Lucas Torreira,11.02.1996
4067,Samu Castillejo,18.01.1995
4068,Rodrigo Battaglia,12.07.1991
4069,Amine Harit,18.06.1997
4070,Vedad Ibišević,06.08.1984
4075,Luisão,13.02.1981
4076,Michael Krohn-Dehli,06.06.1983
4077,Lazaros Christodoulopoulos,19.12.1986
4078,Seydou Doumbia,31.12.1987
4083,Maya Yoshida,24.08.1988
4084,Nick Pope,19.04.1992
4089,Filip Kostić,01.11.1992
4090,José Izquierdo,07.07.1992
4093,André Simões,16.12.1989
4094,Koo Ja Cheol,27.02.1989
4095,Silvio Proto,23.05.1983
4096,Gelson Fernandes,02.09.1986
4097,Jonas Lössl,01.02.1989
4098,Jakob Johansson,21.06.1990
4099,Jimmy Durmaz,22.03.1989
4100,Karl-Johan Johnsson,28.01.1990
4103,Mathias Jørgensen,23.04.1990
4104,Diafra Sakho,24.12.1989
4107,Mathew Ryan,08.04.1992
4108,Ivan Strinić,17.07.1987
4109,Fayçal Fajr,01.08.1988
4110,Yassine Bounou,05.04.1991
4111,Naïm Sliti,27.07.1992
4112,Paolo Hurtado,27.07.1990
4113,Óscar Duarte,03.06.1989
4114,Jefferson Lerma,25.10.1994
4115,Marcelo Goiano,13.10.1987
4124,Pedro Henrique,18.12.1992
4128,Lee Woon Jae,26.04.1973
4130,Ivan Ordets,08.07.1992
4132,Youssef Ait Bennasser,07.07.1996
4133,Ghislain Konan,27.12.1995
4134,Hwang Sun Hong,14.07.1968
4135,Lee Young Pyo,23.04.1977
4136,Ahn Jung Hwan,27.01.1976
4138,Choi Yong Soo,10.09.1973
4143,Lee Chun Soo,09.07.1981
4144,Jin Chul Choi,26.03.1971
4146,Tae Yeong Kim,08.11.1970
4147,Do Hoon Kim,21.07.1970
4150,Seol Ki Hyeon,08.01.1979
4151,Lee Eul Yong,08.09.1975
4152,Song Chong-Gug,20.02.1979
4153,Jung Hwan Yoon,16.02.1973
4154,Cha Du Ri,25.07.1980
4155,Lee Min Sung,23.06.1973
4156,Lee Jung Soo,08.01.1980
4157,Kim Young Chul,30.06.1976
4158,Kim Young Kwang,28.06.1983
4159,Cho Jae Jin,09.07.1981
4161,Kim Sang Sik,17.12.1976
4162,Noh Jeong Yun,28.03.1971
4163,Choi Tae Uk,13.03.1981
4164,Choi Eun Sung,05.04.1971
4166,Hyun Young Min,25.12.1979
4167,Sung Yong Choi,25.12.1975
4168,Kim Doh Keun,02.03.1972
4179,Chung Kyung Ho,22.05.1980
4180,Shin Hong Gi,04.05.1968
4181,Kim Jin Kyu,16.02.1985
4182,Lee Lim Saeng,18.11.1971
4183,Lee Sang Hun,11.10.1975
4184,Jang Dae Il,09.03.1975
4185,Jang Hyung Seok,07.07.1972
4201,Alessio Cerci,23.07.1987
4286,Tony Adams,10.10.1966
4287,Per Mertesacker,29.09.1984
4302,Santi Cazorla,13.12.1984
4334,Thiago Motta,28.08.1982
4335,Pablo Zabaleta,16.01.1985
4358,Federico Marchetti,07.02.1983
4361,Riccardo Montolivo,18.01.1985
4362,Nigel de Jong,30.11.1984
4376,Thomas Vermaelen,14.11.1985
4377,Diego Benaglio,08.09.1983
4378,Stefan Kießling,25.01.1984
4386,Robert Huth,18.08.1984
4387,Benoît Assou-Ekotto,24.03.1984
4400,Valentin Stocker,12.04.1989
4401,Yaya Touré,13.05.1983
4412,Dennis Aogo,14.01.1987
4413,Ignazio Abate,12.11.1986
4414,Henri Bedimo,04.06.1984
4417,Jaroslav Plašil,05.01.1982
4418,Vincent Enyeama,29.08.1982
4427,Nikica Jelavić,27.08.1985
4428,Christoph Kramer,19.02.1991
4429,Jonathan De Guzmán,13.09.1987
4430,Mubarak Wakaso,25.07.1990
4435,Fabian Johnson,11.12.1987
4436,Max Gradel,30.11.1987
4437,Giovanni Sio,31.03.1989
4438,Yūya Ōsako,18.05.1990
4439,Yuto Nagatomo,12.09.1986
4441,Timmy Chandler,29.03.1990
4442,Du Wei,09.02.1982
4443,Yeom Ki Hun,30.03.1983
4444,Benjamin Moukandjo,12.11.1988
4445,Ryad Boudebouz,19.02.1990
4446,Daniel Opare,18.10.1990
4447,Eiji Kawashima,20.03.1983
4451,Mathew Leckie,04.02.1991
4452,Johan Djourou,18.01.1987
4453,Lee Keun Ho,11.04.1985
4454,Lee Yong,24.12.1986
4455,Chaouki Ben Saada,01.07.1984
4460,Kwak Tae Hwi,08.07.1981
4461,Oh Beom Seok,29.07.1984
4462,Ismaël Diomandé,28.08.1992
4469,Kim Chang Soo,12.09.1985
4470,Han Kook Young,19.04.1990
4482,Luis Alberto,28.09.1992
4516,Francesco Caputo,06.08.1987
4517,Lars Stindl,26.08.1988
4525,Joselu,27.03.1990
4534,Jordan Amavi,09.03.1994
4536,Mikel Merino,22.06.1996
4654,Burak Yılmaz,15.07.1985
4668,Jonathan Clauss,25.09.1992
4669,Pedro Gonçalves,28.06.1998
4671,Patrick Bamford,05.09.1993
4702,Seko Fofana,07.05.1995
4703,Mehmet Zeki Çelik,17.02.1997
4704,Franck Yannick Kessié,19.12.1996
4707,Maximilian Arnold,27.05.1994
4708,Berat Djimsiti,19.02.1993
4709,Ryan Gauld,16.12.1995
4715,Gaëtan Laborde,03.05.1994
4716,Otávio,09.02.1995
4721,Philipp Max,30.09.1993
4722,Mike Maignan,03.07.1995
4723,Jonathan Bamba,26.03.1996
4724,Javi Galán,19.11.1994
4725,Jacob Rasmussen,28.05.1997
4726,Georgios Giakoumakis,09.12.1994
4727,Aurélien Tchouaméni,27.01.2000
4728,Mehdi Taremi,18.07.1992
4729,Silas Wamangituka,06.10.1998
4733,Fredrik Midtsjø,11.08.1993
4742,Adán,13.05.1987
4743,Zouhair Feddal,23.12.1989
4744,Carlos,15.08.1995
4745,Carlos Soler,02.01.1997
4746,Ridle Baku,08.04.1998
4747,Maxence Lacroix,06.04.2000
4751,Wesley Fofana,17.12.2000
4752,Emiliano Martinez,02.09.1992
4753,Jesper Karlsson,25.07.1998
4754,Ricardo Horta,15.09.1994
4755,Caio Henrique,31.07.1997
4757,Daichi Kamada,05.08.1996
4758,Abdou Harroui,13.01.1998
4759,Sven Botman,12.01.2000
4760,Joey Veerman,19.11.1998
4761,Adel Taarabt,24.05.1989
4769,Antony Matheus dos Santos,24.02.2000
4770,Oussama Tannane,23.03.1994
4771,Tanque,27.10.1993
4773,Ko Itakura,27.01.1997
4775,Bruno Costa,19.04.1997
4780,Galeno,22.10.1997
4781,Lucas Pérez,10.09.1988
4782,Bryan Linssen,08.10.1990
4783,Florian Niederlechner,24.10.1990
4793,Diego Carlos,15.03.1993
4794,Ezequiel Ávila,06.02.1994
4802,Fábio Martins,24.07.1993
4803,Suat Serdar,11.04.1997
4804,Çağlar Söyüncü,23.05.1996
4805,Chidera Ejuke,02.01.1998
4806,Myron Boadu,14.01.2001
4808,André Onana,02.04.1996
4812,João Félix,19.08.1990
4820,Gabriel Appelt Pires,18.09.1993
4826,Dean Henderson,12.03.1997
4846,Mohamed Ihattaren,12.02.2002
4847,Sebastian Holmén,29.04.1992
4848,Francisco Trincão,29.12.1999
4849,Marcos Senesi,10.05.1997
4891,Hassane Kamara,05.03.1994
4892,Vinícius,22.03.1995
4908,João Pedro,09.03.1992
4918,Cyriel Dessers,08.12.1994
4939,Oussama Idrissi,26.02.1996
4940,Predrag Rajkovic,31.10.1995
4944,Lukáš Hrádecký,24.11.1989
4987,Duván Zapata,01.04.1991
4988,Armando Izzo,02.03.1992
5004,Krzysztof Piątek,01.07.1995
5012,Ferland Mendy,08.06.1995
5013,Jorge Molina,22.04.1982
5046,Gianluca Mancini,17.04.1996
5048,Nico Schulz,01.04.1993
5049,Ryan Fraser,24.02.1994
5050,Joaquín Correa,13.08.1994
5071,Hermoso,18.06.1995
5072,Héctor Herrera,19.04.1990
5073,Abdenasser El Khayati,07.02.1989
5074,Danny da Costa,13.07.1993
5079,Dakonam Djené,31.12.1991
5080,Michel Vlap,02.06.1997
5081,Rodrygo,26.12.1992
5086,Tozé,14.01.1993
5091,Chiquinho,19.07.1995
5092,James Maddison,23.11.1996
5097,Maximilian Eggestein,08.12.1996
5098,Dalmau,23.03.1994
5099,Daniel Schwaab,23.08.1988
5103,Lars Unnerstall,20.07.1990
5104,Quentin Beunardeau,27.02.1994
5105,Wu Lei,19.11.1991
5106,Cesinha,29.11.1989
5121,Jerdy Schouten,12.01.1997
5122,Anco Jansen,09.03.1989
5123,Nicolò Barella,26.11.1987
5132,Junior Negao,30.12.1986
5133,Hong Chul,17.09.1990
5135,Alassane Pléa,10.03.1993
5184,Zaidu Sanusi,13.06.1997
5215,Diogo Leite,23.01.1999
5216,Oscar Wendt,24.10.1985
5250,Jonas Hofmann,14.07.1992
5276,Oscar,28.06.1998
5277,Caoimhin Kelleher,23.11.1998
5310,Wesley Hoedt,06.03.1994
5311,Adam Marušić,17.10.1992
5312,Patrick,17.04.1993
5313,Konstantinos Tsimikas,12.05.1996
5314,Mitchell Bakker,20.06.2000
5315,João Mário,03.01.2000
5322,Morey Bauza,02.03.2000
5323,Marwin Hitz,18.09.1987
5324,Toni Martínez,30.06.1997
5331,Alexander Nübel,30.09.1996
5332,Marc Roca,26.11.1996
5333,Merih Demiral,05.03.1998
5334,Romário,25.01.2000
5339,Alexander Sørloth,05.12.1995
5340,Mariano,01.08.1993
5341,Vedat Muriqi,24.04.1994
5369,Joakim Mæhle,20.05.1997
5376,Andreas Pereira,01.01.1996
5377,Evanilson,06.10.1999
5378,Patrick Herrmann,12.02.1991
5379,Aleix Vidal,21.08.1989
5380,Tony Jantschke,07.04.1990
5381,Konrad de la Fuente,16.07.2001
5382,Danilo Cataldi,06.08.1994
5383,José Luis Palomino,05.01.1990
5384,Sam Lammers,30.04.1997
5385,Fernandes Siqueira,30.06.1998
5386,Colin Dagba,09.09.1998
5391,Gianluca Frabotta,24.06.1999
5395,Ibrahima Traoré,21.04.1988
5396,Alexey Miranchuk,17.10.1995
5397,Lukas Klostermann,03.06.1996
5398,Felix Nmecha,10.10.2000
5399,S.Camello,10.02.2001
5401,Ansgar Knauff,10.01.2002
5402,Szymon Czyż,08.07.2001
5403,Ben Davies,11.08.1995
5410,Gonzalo Escalante,27.03.1993
5411,Carraça,01.03.1993
5414,Doyle,17.10.2001
5415,Cole Palmer,06.05.2002
5416,Mamadou Loum,30.12.1996
5417,Nathaniel Phillips,21.03.1997
5418,Carlo Pinsoglio,16.03.1990
5419,Philipp Tschauner,03.11.1985
5420,Mattia Caldara,05.05.1994
5421,Scott Carson,03.09.1985
5423,Tobias Sippel,22.03.1988
5424,Cláudio Ramos,16.11.1991
5425,Alexandre Letellier,11.12.1990
5426,Hugo Duro,10.11.1999
5427,Max Grün,05.04.1987
5435,Francesco Rossi,27.04.1991
5436,Ivo Grbić,18.01.1996
5451,Péter Gulácsi,06.05.1990
5452,Adrián,03.01.1987
5460,Pedro Neto,19.07.1989
5480,Jean-Daniel Akpa Akpro,11.10.1992
5481,Thomas Strakosha,19.03.1995
5482,Joan Jordán,06.07.1994
5483,R. Williams,03.02.2001
5484,Nemanja Gudelj,16.11.1991
5493,Bouna Sarr,31.01.1992
5494,Fábio Vieira,30.05.2000
5495,Djavan Anderson,21.04.1995
5496,San Román,14.07.1997
5497,Álvaro García,01.06.2000
5498,Marco Sportiello,10.05.1992
5499,Diogo Costa,19.09.1999
5500,Junior Firpo,22.08.1996
5501,Nanú,17.05.1994
5502,Josep Martínez,27.05.1998
5503,Tobias Raschl,21.02.2000
5504,Felipe Caicedo,05.09.1988
5508,Ismaël Bennacer,10.10.2000
5509,Mamadou Doucouré,21.05.1998
5510,Javi Díaz,15.05.1997
5527,Stefan Drljača,20.04.1999
5529,Mouhamed Mbaye,13.10.1997
5662,Alex Meret,22.03.1997
5665,Léo Dubois,14.09.1994
5703,Nikola Maksimović,25.11.1991
5705,Martin Terrier,04.03.1997
5728,Pierluigi Gollini,18.03.1995
5736,Denis Cheryshev,26.12.1990
5737,Bertrand Traoré,06.09.1995
5738,Kenny Tete,09.10.1995
5777,Karl Toko-Ekambi,14.09.1992
5791,Maxwel Cornet,27.09.1996
5792,Harry Winks,02.02.1996
5794,Andy Lonergan,19.10.1983
5796,Mouctar Diakhaby,19.12.1996
5797,Jaume Costa,18.03.1988
5798,Stanislav Lobotka,25.11.1994
5800,Alfie Whiteman,02.10.1998
5801,Sepp van den Berg,20.12.2001
5802,Emilio Bernad,22.09.1999
5803,Adil Aouchiche,15.07.2002
5805,Álex Dos Santos,15.01.1999
5806,Garissone Innocent,16.04.2000
5807,Malik Talabidi,16.07.2001
5808,Fabrice Hartmann,02.03.2001
5809,Bóveda,22.02.2000
5810,Tom Krauß,22.06.2001
5812,Patrick Osterhage,01.02.2000
5813,Frederik Jäkel,07.03.2001
5821,Jacob Ruhner,27.01.2001
5822,Malcolm Barcola,14.05.1999
5823,Anton Rücker,13.02.2001
5824,J. Cumming,04.09.1999
5834,Kévin Malcuit,31.07.1991
5835,Ciprian Tătăruşanu,09.02.1986
5836,Elseid Hysaj,02.02.1994
5837,Matteo Politano,03.08.1993
5850,Manu Vallejo,14.02.1997
5851,Lucas Tousart,29.04.1997
5860,Amin Younes,06.08.1993
5861,Morey Bauza,05.11.1990
5862,Orestis Karnezis,11.07.1985
5863,Ademola Lookman,20.10.1997
5871,Adrien Tamèze,04.02.1994
5872,Sebastiano Luperto,06.09.1996
5874,Jean Lucas,22.06.1998
5891,Ivan Šaponjić,02.08.1997
5894,Cristian Rivero,21.03.1998
5896,Oumar Solet,07.02.2000
5903,Álex Collado,22.04.1999
5905,Pascu,02.04.2000
5913,Iñaki Peña,02.03.1999
5914,Ron-Thorben Hoffmann,04.04.1999
5915,Anthony Racioppi,31.12.1998
5916,Boubacar Fofana,07.09.1998
5926,Garrincha,28.10.1933
5932,Ousseynou Ndiaye,24.11.1998
5933,Guillamón,31.01.2000
5934,Roberto Piccoli,27.01.2001
6111,Hiroki Sakai,12.04.1990
6120,Aiden McGeady,04.04.1986
6121,Andreas Granqvist,16.04.1985
6138,Nicolas Nkoulou,27.03.1990
6139,Teemu Pukki,29.03.1990
6154,Ashley Williams,23.08.1984
6155,Shane Long,22.01.1987
6167,Artur Boruc,20.02.1980
6169,Lucas Biglia,30.01.1986
6177,Enner Valencia,04.11.1989
6178,Kyle Lafferty,16.09.1987
6179,Valter Birsa,07.08.1986
6187,Cristian Zapata,30.09.1986
6188,Tamás Kádár,14.03.1990
6189,Aleksandar Dragović,06.03.1991
6190,Ahmed Elmohamady,09.09.1987
6192,DeAndre Yedlin,09.07.1993
6195,Park Chu Young,10.07.1985
6201,Yevgen Konoplyanka,29.09.1989
6202,Brad Guzan,09.09.1984
6210,Zlatko Junuzović,26.09.1987
6211,Oliver Norwood,12.04.1991
6212,Aïssa Mandi,22.10.1991
6219,Chris Wood,07.12.1991
6225,Ji Dong Won,28.05.1991
6226,Jeff Hendrick,31.01.1992
6227,Josef Alexander Martínez,19.05.1993
6228,Genki Haraguchi,09.05.1991
6229,Odil Akhmedov,25.11.1987
6230,Amer Shafi,14.02.1982
6234,Eran Zahavi,25.07.1987
6240,Gyasi Zardes,02.09.1991
6245,Maciej Rybus,19.08.1989
6246,Javier Aquino,11.02.1990
6249,Robbie Kruse,05.10.1988
6256,Carlos Carmona,21.02.1987
6257,Yuriy Zhirkov,20.08.1983
6261,Mauricio Isla,12.06.1988
6297,Kim Do Heon,14.07.1982
6303,Ko Jeong Woon,27.06.1966
6304,Seo Jung Won,17.12.1970
6305,Ko Jong Soo,30.10.1978
6308,Lee Sang Yoon,10.04.1969
6313,Jung Jo Gook,23.04.1984
6314,Kim Bo Kyung,06.10.1989
6315,Lee Jae Sung,10.08.1992
6316,Marcão,17.06.1994
6317,Jonathan Clauss,29.03.1990
6321,Cho Hyun Woo,25.09.1991
6323,Kim Min Jae,15.11.1996
6324,Choi Soon Ho,10.01.1962
6325,Adriano,28.09.1987
6334,Choi Hyo Jin,18.08.1983
6335,Hong Jeong Ho,12.08.1989
6336,Kwon Chang Hoon,30.06.1994
6337,Huh Jung Moo,13.01.1955
6338,Yoon Bit Garam,07.05.1990
6344,Lee Seung Gi,02.06.1988
6345,Moon Seon Min,09.06.1992
6346,Kim Gi Dong,12.01.1972
6350,Roh Sang Rae,15.12.1970
6351,You Kyoung Youl,15.08.1978
6352,Kim Kwang Suk,12.02.1983
6355,Choi Chul Soon,08.02.1987
6356,Go Yo Han,10.03.1988
6357,Son Jun Ho,12.05.1992
6358,Park Dong Hyuk,18.04.1979
6359,Byun Jae Sub,17.09.1975
6360,Adam Taggart,02.06.1993
6361,Kim Tae Hwan,24.07.1989
6362,Choe Yeong Joon,15.12.1991
6363,Ko Kwang Min,21.09.1988
6364,Hwang Ui Jo,28.08.1992
6365,Shin Kwang Hoon,18.03.1987
6366,Lim Sang Hyub,08.07.1988
6367,Park Jong Woo,10.03.1989
6368,Kim Oh Gyu,20.06.1989
6369,Choi Bo Kyung,12.04.1988
6370,Yun Il Lok,07.03.1992
6373,Yu Sang Hun,25.05.1989
6374,Valentinos Sielis,01.03.1990
6375,Kim In Seong,09.09.1989
6376,Joo Se Jong,30.10.1990
6377,Park Ji Soo,14.06.1994
6378,Kim Min Woo,25.02.1990
6379,Kang Hyeon Mu,13.03.1995
6380,Stefan Mugoša,26.02.1992
6381,Hong Jeong Un,29.11.1994
6382,Cho Duck Je,26.10.1965
6384,Ikromjon Alibaev,09.01.1994
6385,Lee Byung Keun,28.04.1973
6386,Kim Do Gyun,03.11.1977
6387,Jin Kyung Sun,10.04.1980
6388,Kwon Soon Hyung,16.06.1986
6389,Lim Chai Min,18.11.1990
6391,Yun Young Sun,04.10.1988
6392,Choi Sung Geun,28.07.1991
6393,Ku Ja Ryong,06.04.1992
6394,Hwang Hyun Soo,22.07.1995
6395,Park Yong Woo,10.09.1993
6396,Yeon Je Woon,28.08.1994
6397,An Hyeon Beom,21.12.1994
6398,Lee Yeong Jae,13.09.1994
6400,Han Seung Gyu,28.09.1996
6401,Cho Jae Wan,29.08.1995
6402,Lee Jae Sung,05.07.1988
6404,Kim Ji Hyun,22.07.1996
6406,Kim Jae Sung,03.10.1983
6407,Bae Ki Jong,26.05.1983
6408,Hwang Il Su,08.08.1987
6409,Gordan Bunoza,05.02.1988
6411,Shim Dong Woon,03.03.1990
6413,Hwang In Beom,20.09.1996
6414,Park Yong Ji,09.10.1992
6416,Kim Jin Hyuk,03.06.1993
6418,Song Bum Keun,15.10.1997
6419,Lee Dong Jun,01.02.1997
6421,Felipe Silva,03.04.1992
6423,Nam Joon Jae,07.04.1988
6427,Lee Jong Ho,24.02.1992
6432,Kim Min Hyeok,16.08.1992
6433,Kim Gun Hee,22.02.1995
6434,Han Chan Hee,17.03.1997
6435,Kim Dong Joon,19.12.1994
6436,Han Hee Hoon,10.08.1990
6437,Kim Min Hyeok,27.02.1992
6438,Kim Dae Won,10.02.1997
6439,Park Dong Jin,10.12.1994
6441,Jeong Seung Won,27.02.1997
6442,Kim Jin Ya,30.06.1998
6443,Jeong Tae Wook,16.05.1997
6445,Ha Seok Ju,02.02.1968
6448,Lee Hyun Sik,21.03.1996
6449,Kim Jin Su,13.06.1992
6452,Lee Dong Kyung,20.09.1997
6453,Elías Aguilar,07.11.1991
6454,Jeon Kyungjun,10.09.1973
6457,Cho Kwang Rae,19.03.1954
6458,Park Jin Sub,11.03.1977
6459,Lee Ki Hyung,28.09.1974
6460,Cho Won Hee,17.04.1983
6461,Seo Dong Myung,04.05.1974
6462,Hwang Ji Soo,27.03.1981
6463,Lim Joong Yong,21.04.1975
6464,Kim Chi Woo,11.11.1983
6465,Yang Dong Hyen,28.03.1986
6466,Song Jin Hyung,13.08.1987
6467,Koh Myong Jin,09.01.1988
6468,Yun Suk Young,13.02.1990
6469,Ko Moo Yeol,05.09.1990
6470,Han Kyo Won,15.06.1990
6471,Dave Bulthuis,28.06.1990
6472,Oh Ban Seok,20.05.1988
6480,Lee Chang Min,20.01.1994
6481,Takahiro Kunimoto,08.10.1997
6482,Kang Min Soo,14.02.1986
6483,Kim Dong Chan,19.04.1986
6484,Mix Diskerud,02.10.1990
6485,Lee Yong Bal,15.03.1973
6486,Park Joo Ho,16.01.1987
6487,Lee Ju Yong,26.09.1992
6488,Sim Sang Min,21.05.1993
6489,Kim Yong Hwan,25.05.1993
6490,No Dong Geon,04.10.1991
6491,Gwon Wan Gyu,20.11.1991
6492,Koo Dae Young,09.05.1992
6493,Lee Myung Jae,04.11.1993
6494,Lee Tae Hee,26.04.1995
6495,Lee Gyu Seong,10.05.1994
6496,Kim Hyeon Wook,22.06.1995
6498,Oh Seung Hoon,30.06.1988
6499,Ha Chang Rae,16.10.1994
6500,Kim Moon Hwan,01.08.1995
6501,Kim Ho Jun,21.06.1984
6502,R. Ashurmatov,07.07.1996
6503,Lee Soo Bin,07.05.2000
6504,Song Sun Ho,24.01.1966
6505,Kim Hyun Sung,27.09.1989
6506,Kim Young Wook,29.04.1991
6507,Park Jun Hyuk,11.04.1987
6508,Min Sang Gi,27.08.1991
6509,Lee Woong Hee,18.07.1988
6510,Kim Hyo Gi,03.07.1986
6511,Ahn Young Kyu,04.12.1989
6513,Gong Min Hyun,19.01.1990
6514,Lee Chang Yong,27.08.1990
6515,Kwon Kyung Won,31.01.1992
6516,Lee Jeong Hyeop,24.06.1991
6517,Rashid Mahazi,20.04.1992
6518,Han Ui Kwon,30.06.1994
6519,Tsubasa Nishi,08.04.1990
6520,Kang Sang Woo,07.10.1993
6521,Jeon Min Kwang,17.01.1993
6522,Kim Seung Joon,11.09.1994
6523,Lee Tae Hee,16.06.1992
6524,Jeong Hyun Cheol,26.04.1993
6525,Ryu Jae Moon,08.11.1993
6526,Ji Eon Hak,22.03.1994
6527,Song Si Woo,28.08.1993
6528,Kang Yun Seong,01.07.1997
6529,Jeong Jae Hee,28.04.1994
6530,Kang Ji Hoon,06.01.1997
6531,Lee Keun Ho,21.05.1996
6534,Park Hyeong Jin,24.06.1990
6535,Kim Joon Beom,14.01.1998
6537,Lee Ji Nam,21.11.1984
6538,Yang Han Been,30.08.1991
6539,Yeo Reum,22.06.1989
6540,Jung Seok Hwa,17.05.1991
6541,Yun Pyeong Gook,08.02.1992
6542,Park Joo Won,19.10.1990
6543,Kwon Yong Hyun,23.10.1991
6544,Lee Eu Ddeum,02.09.1989
6545,Ryu Seung Woo,17.12.1993
6546,Woo Ju Sung,08.06.1993
6547,Kim Sun Min,12.12.1991
6548,Kim Jong Woo,01.10.1993
6549,Jeong Seung Hyun,03.04.1994
6550,Kim Jong Hyeok,13.05.1994
6551,Kim Woo Suk,04.08.1996
6553,Jang Yun Ho,25.08.1996
6554,Jung Won Jin,10.08.1994
6555,Terry Antonis,26.11.1993
6556,Cho Young Wook,05.02.1999
6557,Yeo Bong Hun,12.03.1994
6558,Go Myeong Seok,27.09.1995
6559,Song Min Kyu,12.09.1999
6560,Kim Tae Wan,01.06.1971
6561,Kim Gil Sick,24.08.1978
6562,Jo Jae Cheol,18.05.1986
6564,Kim Dong Jin,28.12.1992
6565,Lee Woo Hyeok,24.02.1993
6566,Joo Hyeon Woo,12.09.1990
6567,Kim Gyeong Jae,24.07.1993
6568,Kim Jeong Hyeon,01.06.1993
6569,Heo Young Joon,08.01.1993
6570,Park Byung Hyun,28.03.1993
6571,Moon Ji Hwan,26.07.1994
6572,Jeon Se Jin,09.09.1999
6573,Ko Kyung Min,11.04.1987
6574,Ha Sung Min,13.06.1987
6575,Han Ji Ho,15.12.1988
6576,Lee Seul Chan,15.08.1993
6577,Willian,17.02.1994
6578,Ka Sol Heon,12.02.1991
6579,Park Joon Kang,06.06.1991
6580,Oh Se Hun,15.01.1999
6581,Jeong Dong Yun,03.04.1994
6582,Choi Byung Chan,04.04.1996
6583,Yeun Jong Gyu,20.03.1998
6584,Lee Jin Hyun,26.08.1997
6585,Yoon Sin Young,22.05.1987
6586,Jinsu,18.10.2000
6587,Kim Jun Yub,10.05.1988
6588,Cho Ji Hun,29.05.1990
6589,Park Soo Chang,20.06.1989
6590,Lee Gwang Hyeok,11.09.1995
6595,Kim Dong Woo,05.02.1988
6597,Kim Sung Ju,15.11.1990
6598,Baek Dong Gyu,30.05.1991
6600,Lee You Hyeon,08.02.1997
6601,Park Soo Il,22.02.1996
6608,Park Inhyeok,29.12.1995
6612,Um Won Sang,06.01.1999
6613,Lee Ji Sol,09.07.1999
6614,Choe Pil Soo,20.06.1991
6615,Kim Hyeong Geun,06.01.1994
6616,Kim Jung Ho,31.05.1995
6617,Jusung,12.12.2000
6618,Hwang Jae Hun,25.11.1990
6619,Kim Geon Woong,29.08.1997
6620,Bruno Baio,03.10.1995
6621,Kim Seung Sub,01.11.1996
6623,Choi Jun Hyuk,05.09.1994
6624,Kim Ju Kong,23.04.1996
6625,Lee In Kyu,16.09.1992
6626,Park Min Gyu,10.08.1995
6627,Lee Jung Moon,18.03.1998
6632,Won,18.11.1997
6639,Kim Jin Kyu,24.02.1997
6647,Lee Sang Min,01.01.1998
6648,Kim Dong Hyun,11.06.1997
6649,Seol,05.12.1998
6650,Kim Jae Woo,06.02.1998
6652,Ahn Joon Soo,28.01.1998
6653,An,06.04.1998
6667,Kim Young Gwon,27.02.1990
6668,Nam Tae Hee,03.07.1991
6669,Jeong Woo Yeong,14.12.1989
6677,Kim Jin Hyeon,06.07.1987
6686,Gu Sung Yun,27.06.1994
6689,Gwangyeon,11.09.1999
6690,Choi Jun Hyuk,17.04.1999
6691,Na Sang Ho,12.08.1996
6692,Kim Joon Hyeong,05.04.1996
6693,Kim Hyun Woo,07.03.1999
6694,Lee Jae Ik,21.05.1999
6695,Jeong Ho Jin,26.08.1999
6696,Kim Se Yoon,29.04.1999
6699,Kim Jung Min,13.11.1999
6700,Taehyun,29.01.1999
6702,Ko Jae Hyun,05.03.1999
6707,Kevin Harr,26.02.2000
6708,Park Ji Min,25.05.2000
6714,Park Tae Jun,19.01.1999
6715,Kyuhyuk,04.05.1999
6716,Sangjun,14.10.1999
6739,Jang Hyeon Soo,28.09.1991
6744,Lee Si Young,21.04.1997
6747,Lee Seung Mo,30.03.1998
6748,Cho Yu Min,17.11.1996
6776,Lukas Nmecha,14.12.1998
6799,Hwang Seok-ho,27.06.1989
6800,Kim Kee Hee,13.07.1989
6803,Kwak Kwang Sun,28.03.1986
6806,Jo Seong Joon,27.11.1990
6807,Oh Jae Suk,04.01.1990
6808,Lee Bum Young,02.04.1989
6809,Baek Sung Dong,13.08.1991
6811,Seo Bo Min,22.06.1990
6813,Yang Sang Min,24.02.1984
6814,Ahn Yong Woo,10.08.1991
6815,Jang Ho Ik,04.12.1993
6816,Kim Tae Hwan,25.03.2000
6820,F. Mulic,03.10.1994
6821,Park Han Bin,21.09.1997
6822,Song Ju Hun,13.01.1994
6823,Hwang Soon Min,14.09.1990
6827,Lee Yong Rae,17.04.1986
6828,Song Seung Min,11.01.1992
6834,Shin Chang Moo,17.09.1992
6835,Oskar Zawada,01.02.1996
6838,Kim Dae Hoong,13.10.1992
6839,Kim Byeom Yong,29.07.1990
6840,Park Jung Soo,12.04.1994
6841,Doo Hyun Seok,21.12.1995
6844,Masaya Okugawa,04.05.1995
6845,SeokHee Han,16.05.1996
6847,Lee You Hyeon,01.08.1984
6848,Kim Soo Beom,02.10.1990
6849,Jin Seong Wook,16.12.1993
6851,Lee Jong Sung,05.08.1992
6852,Lee Han Saim,18.10.1989
6853,J. Park,22.02.1994
6858,Lee Han Do,16.03.1994
6860,J. Iskandarov,16.10.1993
6865,Kim Won Sik,05.11.1991
6868,Kim Yeong Bin,20.09.1991
6869,Lee Min Gi,19.05.1993
6870,Park Jung Soo,13.01.1987
6884,Kim Won Gun,01.05.1992
6885,Hong Joon Ho,11.10.1993
6886,Lee Hyeon Il,13.09.1994
6896,Hong Si Hoo,08.01.2001
6897,Doneil Henry,20.04.1993
6898,Gerso,23.02.1991
6899,Lars Veldwijk,21.08.1991
6900,Dominik Livaković,29.01.1993
6901,Joo Min Kyu,13.04.1990
6908,Modou Barrow,13.10.1992
6909,Gustavo Cabral,29.03.1994
6910,Pereira Rocha,20.11.1994
6916,Vladimir Szilágyi,23.04.1993
6917,Lukas Hinterseer,28.03.1991
6918,Aleksandar Paločević,22.08.1993
6927,Ko Jeong Woon,30.06.1989
6935,Nikos Karelis,12.10.1991
6953,Negueba,07.04.1992
6972,Harrison Delbridge,15.03.1992
6973,Serginho,03.12.1990
6974,Richard Strebinger,02.04.1991
6975,Cameron Humphreys-Grant,23.01.1994
6984,Rim Chang Woo,13.02.1992
6985,Jeong Dong Ho,07.03.1990
6986,Han Seok Jong,19.07.1992
6988,Sin Se Gye,16.09.1990
6996,Lee Jae Won,21.02.1997
6999,Gwon Han Jin,19.05.1988
7000,Exequiel Palacios,13.02.1993
7001,DongRyul,09.06.2000
7002,K. Islom,01.09.1999
7003,Choi Young Eun,26.09.1995
7015,Jeong Woo Jae,28.06.1992
7024,Kang Yun Koo,08.02.1993
7025,Jeong,08.01.2001
7044,Krpić,01.01.1991
7049,Rômulo,27.10.1995
7055,Ahn Tae Hyun,01.03.1993
7056,Seo Yong Deok,19.09.1989
7057,Choi Oh Baek,10.03.1992
7061,Aleksandar Pešić,21.05.1992
7071,Yun Yong Ho,06.03.1996
7072,Lim Jae Hyeok,06.02.1999
7073,Tursunov,13.06.1995
7089,Bjørn Johnsen,06.11.1991
7101,Im Seon Yeong,21.03.1988
7110,Brandon O'Neill,12.04.1994
7125,Kim Sung Joon,08.04.1988
7127,Jo Sung Jin,14.12.1990
7152,Lanre Kehinde,07.05.1994
7158,Lee Chan Dong,10.01.1993
7159,Scott McTominay,04.04.1994
7160,You Ju An,01.10.1998
7165,Jeong Hyuk,21.05.1986
7176,Murray Davidson,29.06.1991
7177,Yang Jun A,13.06.1989
7178,Kim Byeong Oh,26.06.1989
7179,Kim Nam Chun,19.04.1989
7192,Lim Min Hyuk,05.03.1997
7193,Park Won Jae,28.05.1984
7194,Park Tae Min,21.01.1986
7195,Lee Jae Kwon,30.07.1987
7196,Jeong Ho Jeong,01.09.1988
7205,Han Sang Wun,03.05.1986
7206,Kim Kyung Jung,16.04.1991
7207,Moon Chang Jin,12.07.1993
7208,Jovanović,03.05.1989
7209,Choi Seung In,05.03.1991
7210,Park Jun Hui,01.03.1991
7211,Lee Ji Min,04.09.1993
7212,Myeong Joon Jae,02.07.1994
7226,Yun Ju Tae,22.06.1990
7233,Kim Han Gil,21.06.1995
7237,Lim Seung Gyeom,26.04.1995
7238,Sucheol,08.08.1992
7239,An Jin Beom,10.03.1992
7240,Lee Ji Seung,11.01.1999
7241,Jeong Chee In,21.08.1997
7242,Cho Kyu Sung,25.01.1998
7263,Lee Ki Je,09.07.1991
7289,Lee Bum Soo,10.12.1990
7291,Jung Sang Bin,01.04.2002
7333,Lee Chang Geun,30.08.1993
7346,Yu,28.12.1994
7358,Koen Casteels,25.06.1992
7399,Dusan Vlahovic,28.01.2000
7431,Christian Günter,28.02.1993
7464,Hakan Çalhanoğlu,08.02.1994
7545,Campaña,31.05.1993
7546,James Tarkowski,19.11.1992
7547,James Ward-Prowse,01.11.1994
7567,Vincenzo Grifo,07.04.1993
7615,Jordan Veretout,01.03.1993
7672,Darwin Machís,07.02.1993
7687,Kieran Tierney,05.06.1997
7688,Morales,23.07.1987
7708,Guaita,10.01.1987
7710,Ludovic Blas,31.12.1997
7725,Stefan Ortega,06.11.1992
7726,Rubén García,14.07.1993
7727,Hamari Traoré,27.01.1992
7741,Juan Mata,24.10.1988
7761,Angeliño,26.04.1987
7762,Romain Thomas,12.06.1988
7763,Roberto Soriano,08.02.1991
7775,Lewis Dunk,21.11.1991
7776,Sergi Darder,22.12.1993
7777,Florent Mollet,19.11.1991
7780,Ivan Toney,16.03.1996
7781,Unai López,30.10.1995
7782,Marvin Friedrich,13.12.1995
7784,Jérémie Boga,03.01.1997
7787,Nadiem Amiri,27.10.1996
7788,Emiliano Buendía,25.12.1996
7789,Angelo Fulgini,20.08.1996
7806,Silvan Widmer,05.03.1993
7807,Milot Rashica,28.06.1996
7808,Wataru Endo,09.02.1993
7819,Michail Antonio,28.03.1990
7826,Denis Bouanga,11.11.1994
7827,Rubén Duarte,18.10.1995
7828,Kyle Walker-Peters,13.04.1997
7835,Mama Baldé,06.11.1995
7837,Etrit Berisha,10.03.1989
7844,Danilo,29.10.1991
7850,Simon Zoller,26.06.1991
7852,Ridgeciano Haps,12.06.1993
7853,Daley Sinkgraven,04.07.1995
7859,Alfonso Espino,05.01.1992
7860,Iago,23.03.1997
7861,Vid Belec,06.06.1990
7863,Balliu,01.01.1992
7864,Johan Gastien,25.01.1988
7865,Cédric Brunner,17.02.1994
7866,Jodel Dossou,17.03.1992
7867,Rico Henry,08.07.1997
7871,Miguel Trauco,25.08.1992
7872,Omar Richards,15.02.1998
7879,Akim Zedadka,30.05.1995
7880,Vincent Le Goff,15.10.1989
7881,Riccardo Gagliolo,28.04.1990
7883,Petar Stojanović,07.10.1995
7889,Jannes Horn,06.02.1997
7890,Nicolas Pallois,19.09.1987
7900,Alexander Schwolow,02.06.1992
7901,Gregoire Defrel,17.06.1991
7907,Damián Suárez,27.04.1988
7909,Paul Bernardoni,18.04.1997
7915,Ruben Aguilar,26.04.1993
7916,Moussa Niakhaté,08.03.1996
7917,Davide Calabria,06.12.1996
7921,Jeremiah St. Juste,19.10.1996
7923,Florian Müller,13.11.1997
7927,Mathías Olivera,31.10.1997
7929,Borna Sosa,21.01.1998
7939,Filip Đuričić,30.01.1992
7940,Pontus Jansson,13.02.1991
7941,Hugo Mallo,22.06.1991
7942,Marco Davide Faraoni,25.10.1991
7943,Manuel Riemann,09.09.1988
7945,Matthew Lowton,09.06.1989
7946,Laurent Abergel,01.02.1993
7951,Thomas Foket,25.09.1994
7952,Renaud Ripart,14.03.1993
7956,Kristoffer Ajer,17.04.1998
7957,Haris Belkebla,28.01.1994
7967,Fabien Centonze,16.01.1996
7968,Salvi Sánchez,30.03.1991
7969,Reinildo,21.01.1994
7970,Bryan Gil,11.02.2001
7977,Andreas Luthe,10.03.1987
7981,Xavier Chavalerin,07.03.1991
7987,Daniel Caligiuri,15.01.1988
7988,Jonathan Schmid,22.06.1990
7989,Jérôme Roussillon,06.01.1993
7990,Thomas Delaine,24.03.1992
7991,Clerc,21.02.1992
7993,Paulo Otávio,23.11.1994
7823,Domenico Criscito,30.12.1986
7825,Daniele Verde,20.06.1996
7829,Romain Perraud,22.09.1997
7834,Roland Sallai,22.05.1997
7840,Lorenzo De Silvestri,23.05.1988
7841,Sascha Burchert,30.10.1989
7842,Lorenzo Tonelli,17.01.1990
8181,Karim Bellarabi,08.04.1990
8295,Pierre Lees-Melou,25.05.1993
8303,Branislav Ivanović,22.02.1984
8304,Willian José,23.11.1991
8347,Valentin Rongier,07.12.1994
8348,Yeray,24.01.1995
8359,Antonio Mirante,08.07.1983
8377,Lars Bender,27.04.1989
8378,Jordi Masip,03.01.1989
8385,Morata,08.01.1990
8386,Munas Dabbur,14.05.1992
8400,Omar Mascarell,02.02.1993
8409,Capa,08.02.1992
8417,Mauro Arambarri,30.09.1995
8421,Benoît Costil,03.07.1987
8427,Damien Da Silva,17.05.1988
8438,Josuha Guilavogui,19.09.1990
8439,Pedro Mendes,01.10.1990
8440,Pablo,21.06.1991
8445,Adrien Thomasson,10.12.1993
8446,Jhon Córdoba,11.05.1993
8447,Alexander Djiku,09.08.1994
8448,Marcos Lopes,28.12.1995
8449,Benjamin Bourigeaud,14.01.1994
8465,David Abraham,15.07.1986
8482,Iago Falqué,04.01.1990
8483,Jean-Paul Boëtius,22.03.1994
8484,Iván Marcone,03.06.1990
8496,Andrei Girotto,17.02.1992
8497,Hatem Ben Arfa,07.03.1987
8498,Wendel,20.07.1993
8499,Zinedine Ferhat,01.03.1993
8504,Jérémy Morel,02.04.1984
8516,Otávio,04.05.1994
8517,Fabian Klos,02.12.1987
8518,Faitout Maouassa,06.07.1998
19589,Kjell Scherpen,23.01.2000
19590,Immanuel Pherai,25.04.2001
19591,Matías Pellegrini,11.03.2000
19592,Maximilian Bauer,09.02.2000
8698,David Soria,04.04.1993
8706,Jiří Pavlenka,14.04.1992
8722,Alessio Cragno,28.06.1994
8774,Aitor,03.05.1991
8784,Tomáš Vaclík,29.03.1989
8811,Martin Dúbravka,15.01.1989
8825,Jony,03.03.1994
8845,Lorenzo Insigne,30.12.1993
8860,Matz Sels,26.02.1992
8862,Timo Horn,12.05.1993
8865,Pedro León,24.11.1986
8866,Etienne Capoue,11.07.1988
8867,Joshua King,15.01.1992
8878,Robin Olsen,08.01.1990
8888,Baptiste Santamaria,09.03.1995
8909,Stefano Sensi,05.08.1995
8910,Nahitan Nández,28.12.1995
8911,Miguel Almirón,10.02.1994
8925,Charles,04.04.1984
8940,Ayoze Pérez,29.07.1993
8941,Benjamin Hübner,04.07.1989
8942,Iborra,16.01.1988
8943,Ben Mee,21.09.1989
8944,Roger,03.01.1991
8955,Fabián Orellana,27.01.1986
8956,Shane Duffy,01.01.1992
8957,Santi Mina,07.12.1995
8958,Lucas Alario,08.10.1992
8959,Andrea Petagna,30.06.1995
8975,Gabriel dos S. Magalhães,19.12.1997
8983,Rubén Alcaraz,01.05.1991
8984,Nemanja Maksimović,26.01.1995
8991,Leandro Cabrera,17.06.1991
8999,Jamaal Lascelles,11.11.1993
9001,Rodrigo Palacio,05.02.1982
9008,Joel Robles,17.06.1990
9009,Adama Soumaoro,18.06.1992
9010,Ermin Bičakčić,24.01.1990
9013,Soualiho Meïté,17.03.1994
9022,Jeffrey Gouweleeuw,10.07.1991
9023,Daniele Baselli,12.03.1992
9024,Papa Kouli Diop,19.03.1986
9031,Simon Terodde,02.03.1988
9043,Ashley Westwood,01.04.1990
9044,José Ángel,05.09.1989
9045,Nathan Redmond,06.03.1994
9046,Gabriel Jesus,27.09.1992
9050,Riccardo Saponara,21.12.1991
9051,David López,09.10.1989
9052,Nicola Sansone,10.09.1991
9053,Christophe Hérelle,22.08.1992
9058,Federico Di Francesco,14.06.1994
9069,Wylan Cyprien,28.01.1995
9072,Giovanni Simeone,05.07.1995
9073,Gian-Luca Waldschmidt,19.05.1996
9074,Jarrod Bowen,20.12.1996
9085,Alex Berenguer,04.07.1995
9086,Borja Mayoral,05.04.1997
9087,Sergi Guardiola,29.05.1991
9093,Enis Bardhi,02.07.1995
9107,Per Ciljan Skjelbred,16.06.1987
9108,Salva Sevilla,18.03.1984
9109,Danilo,10.05.1984
9110,Yohan Cabaye,14.01.1986
9114,James McArthur,07.10.1987
9117,Łukasz Skorupski,05.05.1991
9119,Thomas Mangani,29.04.1987
9120,Ciaran Clark,26.09.1989
9121,Nils Petersen,06.12.1988
9122,Mathieu Dossevi,12.02.1988
9123,Kiko Olivas,21.08.1988
9130,Rafał Gikiewicz,26.10.1987
9131,Rochina,23.03.1991
9141,Enda Stevens,09.07.1990
9142,Mexer,08.09.1988
9146,Felix Klaus,13.09.1992
9147,Jack Stephens,27.01.1994
9148,John Egan,20.10.1992
9149,Robin Knoche,22.05.1992
9150,Leonardo Bittencourt,19.12.1993
9151,Isaac Hayden,22.03.1995
9152,Paulo Oliveira,08.01.1992
9153,Neal Maupay,14.08.1996
9156,John McGinn,18.10.1994
9157,Pere Pons,20.02.1993
9158,Dominik Kohr,31.01.1994
9168,Jack O'Connell,29.03.1994
9169,Davie Selke,20.01.1995
9170,Adrien Hunou,19.01.1994
9171,Álex Moreno,08.06.1993
9178,Álex Remiro,24.03.1995
9183,Gautier Larsonneur,23.02.1997
9185,Adam Ounas,11.11.1996
9189,Kevin Lasagna,10.08.1992
9204,Edu Expósito,01.08.1996
9205,Dodi Lukebakio,24.09.1997
9211,Theodor Gebre Selassie,24.12.1986
9213,Pierre Kunde Malong,26.07.1995
9214,Amir Rrahmani,24.02.1994
9215,Luca Cigarini,20.06.1986
9216,Roberto Rosales,20.11.1988
9217,Víctor Díaz,12.06.1988
9218,Facundo Roncaglia,10.02.1987
9219,Chris Basham,20.07.1988
9220,Ismaël Traoré,18.08.1986
9221,Daniel Brosinski,17.07.1988
9222,John Fleck,24.08.1991
9223,Luigi Sepe,08.05.1991
9224,Lago Júnior Wakalible,31.12.1990
9225,Allan-Roméo Nyom,10.05.1988
9229,Florian Kainz,24.10.1992
9230,Ximo Navarro,23.01.1990
9231,Cristiano Biraghi,01.09.1992
9233,Yoann Court,14.01.1990
9234,Nicolas De Préville,08.01.1991
9235,Stuart Armstrong,30.03.1992
9236,Charlie Taylor,18.09.1993
9237,Roberto Torres,17.03.1989
9238,Sebastian Andersson,15.07.1991
9240,Rui Silva,07.02.1994
9244,Alfred Duncan,10.03.1993
9245,Óscar Plano,11.02.1991
9246,Pierrick Capelle,15.04.1987
9247,Bartłomiej Drągowski,19.08.1997
9250,Janik Haberer,02.04.1994
9251,Rani Khedira,27.01.1994
9252,Puertas,21.02.1992
9253,Postigo,04.11.1988
9254,Kenedy,08.02.1996
9261,Robin Zentner,28.10.1994
9262,Tin Jedvaj,28.11.1995
9271,Philip Billing,11.06.1996
9272,Sofyan Amrabat,21.08.1996
9273,Jonjoe Kenny,15.03.1997
9274,Bustinza,02.02.1992
9275,Habib Diallo,15.06.1995
9280,André Franck Zambo Anguissa,16.11.1995
9281,Felix Uduokhai,09.09.1997
9282,Ionuţ Andrei Radu,28.05.1997
9293,Robin Koch,17.07.1996
9294,Saša Lukić,13.08.1996
9299,Renaud Cohade,29.09.1984
9301,Simone Missiroli,23.05.1986
9302,Lucas Deaux,26.12.1988
9304,Ivan Radovanovic,29.08.1988
9305,Bastian Oczipka,12.01.1989
9306,Mitchell Bakker,29.07.1988
9307,Dídac Vilà,09.06.1989
9308,Paul Lasne,16.01.1989
9309,Fabio Pisacane,28.01.1986
9311,Arnaud Souquet,12.02.1992
9314,Dominick Drexler,26.05.1990
9315,Vincent Pajot,19.08.1990
9316,Benito Raman,07.11.1994
9317,John Lundstram,18.02.1994
9318,George Baldock,09.03.1993
9319,Thomas Monconduit,10.02.1991
9320,Stéphane Bahoken,28.05.1992
9321,Eddy Gnahoré,14.11.1993
9322,Rachid Alioui,18.06.1992
9323,Valerio Verre,11.01.1994
9324,Jordan Ferri,12.03.1992
9325,Adam Webster,04.01.1995
9326,Stefan Mitrović,22.05.1990
9329,Birger Verstraete,16.04.1994
9330,Kevin Akpoguma,19.04.1995
9335,Pablo De Blasis,04.02.1988
9336,Jonathan Silva,29.06.1994
9337,Deyverson,08.05.1991
9341,Sargis Adamyan,23.05.1993
9342,Ambroise Oyongo,22.06.1991
9343,Lys Mousset,08.02.1996
9344,Lucas Olaza,21.07.1994
9345,Pablo Martinez,21.02.1989
9346,Maximilian Mittelstädt,18.03.1997
9348,Jimmy Briand,02.08.1985
9350,Todd Cantwell,27.02.1998
9351,Hamza Choudhury,01.10.1997
9356,Tim Krul,03.04.1988
9362,Mark Noble,08.05.1987
9363,Robert Snodgrass,07.09.1987
9364,Daniel Congré,05.04.1985
9365,Jay Rodriguez,29.07.1989
9366,Mathieu Cafaro,25.03.1997
9367,Romain Del Castillo,29.03.1996
9368,Aaron Ramsdale,14.05.1998
9369,Domingos Duarte,10.03.1995
9370,Darko Brasanac,12.02.1992
9371,Sebastiaan Bornauw,22.03.1999
9376,Cristian Battocchio,10.02.1992
9378,Mohammed Salisu,17.04.1999
9379,Adrià Pedrosa,13.05.1998
9380,Koray Günter,16.08.1994
9381,Romain Philippoteaux,02.03.1988
9382,Robert Skov,25.05.1996
9383,Marcus Ingvartsen,04.01.1996
9384,Didier Ndong,17.06.1994
9385,Ben Godfrey,15.01.1998
9386,Jean-Ricner Bellegarde,27.06.1998
9390,Jhon Chancellor,02.01.1992
9391,Yangel Herrera,07.01.1998
9392,Josh Maja,27.12.1998
9393,Matteo Scozzarella,05.06.1988
9394,Christopher Antwi-Adjej,07.02.1994
9395,Imran Louza,01.05.1999
9400,Mattia Valoti,06.09.1993
9403,Ludovic Baal,24.05.1986
9404,Klaus Gjasula,14.12.1989
9405,Victor Campuzano,31.05.1997
9406,Moncayola,13.05.1998
9407,Ibrahima Niane,11.03.1999
9408,Nikolas Spalek,12.02.1997
9409,Christopher Lenz,22.09.1994
9410,Moussa Koné,30.12.1996
9411,Joris Chotard,24.09.2001
9412,Paolo Ghiglione,02.02.1997
9413,Streli Mamba,17.06.1994
9416,M. Longstaff,21.03.2000
9417,Sidy Sarr,05.06.1996
9418,Arkadiusz Reca,17.06.1995
9419,Zubeldia,07.02.1998
9420,Giorgos Kyriakopoulos,05.02.1996
9423,Alessandro Deiola,01.08.1995
9424,Strefezza,18.04.1997
9425,Billy Sharp,05.02.1986
9426,Shortname_172786,22.08.1988
9427,Samuel Di Carmine,29.09.1988
9428,Aridane,23.03.1989
9432,Gaëtan Charbonnier,27.12.1988
9435,Raul García,30.04.1989
9436,Mathias Autret,01.03.1991
9437,Dani Rodríguez,06.06.1988
9438,Jesse Joronen,21.03.1993
9439,Alfredo Morales,12.05.1990
9440,Yassine Benzia,08.09.1994
9441,Filippo Falco,11.02.1992
9442,Opa Nguette,08.07.1994
9443,Ramón Azeez,12.12.1992
9444,Gianluca Lapadula,07.02.1990
9446,Rafael Czichos,14.05.1990
9447,Jean-Charles Castelletto,26.01.1995
9449,Levin Öztunali,15.03.1996
9450,Jeremy Toljan,08.08.1994
9451,Sehrou Guirassy,12.03.1996
9452,Mattia Zaccagni,16.06.1995
9453,Erik Thommy,20.08.1994
9456,Alexis Blin,16.09.1996
9457,Moussa Doumbia,15.08.1994
9458,Hernâni,27.03.1994
9459,Kingsley Ehizibue,25.05.1995
9460,Andrea Cistana,01.04.1997
9464,Jhonder Cádiz,29.07.1995
9465,Mathias Pereira Lage,30.11.1996
9468,Manolo Reina,01.04.1985
9469,Sofiane Alakouch,29.07.1998
9472,Toma Bašić,25.11.1996
9474,Boulaye Dia,16.11.1996
9475,Ludovic Butelle,03.04.1983
9476,David McGoldrick,29.11.1987
9477,Matthias Zimmermann,16.06.1992
9478,Julien Faussurier,14.01.1987
9479,Vincent Manceau,10.07.1989
9480,Nicolas Höfler,09.03.1990
9481,Dimitri Bisoli,25.03.1994
9482,Fabio Lucioni,25.09.1987
9486,Kalifa Coulibaly,21.08.1991
9487,Haitam Aleesami,31.07.1991
9488,André Hahn,13.08.1990
9491,Robert Andrich,22.09.1994
9492,Leopold Zingerle,10.04.1994
9493,Axel Disasi,11.03.1998
9495,Ernesto Torregrossa,28.06.1992
9496,Filippo Romagna,26.05.1997
9497,Ibrahima Sissoko,27.10.1997
9498,Robin Le Normand,11.11.1996
9499,Lucas Höler,10.07.1994
9500,Wesley Lautoa,25.08.1987
9501,Joseph Willock,20.08.1999
9502,Sebastian Vasiliadis,04.10.1997
9503,Ibrahima Diallo,08.03.1999
9507,Nacho Vidal,24.01.1995
9508,Mounir Chouiar,23.01.1999
9509,Mohamed Simakan,03.05.2000
9510,Marius Bülter,29.03.1993
9511,Iddrisu Baba,22.01.1996
9524,Nolan Roux,01.03.1988
9540,Youssouf Fofana,10.01.1999
9541,Abdoul-Kader Bamba,25.05.1994
9542,Simone Iacoponi,30.04.1987
9543,Marco Calderoni,18.02.1989
9554,Sandro Wagner,29.11.1987
9621,Cédric Bakambu,11.04.1991
9707,CM 83,02.10.1986
9729,Mattia Perin,10.11.1992
9940,Dani García,24.05.1990
9943,Bernard,08.09.1992
9961,Leo Baptistao,26.08.1992
9985,Cao Yunding,22.11.1989
9996,Christian Bassogog,18.10.1995
10005,Melendo,23.08.1997
10013,Rafa,28.03.1985
10025,Ezequiel Lavezzi,03.05.1985
10037,Augusto Fernández,10.04.1986
10038,Antunes,01.04.1987
10052,Manuel Lanzini,15.02.1993
10061,Sergi Gómez,28.03.1992
10072,Sergi Enrich,26.02.1990
10073,Borja Valero,12.01.1985
10082,Ederson,15.11.1986
10108,Pascal Groß,15.06.1991
10109,Kike,25.11.1989
10110,Herrerín,25.01.1988
10119,Ishak Belfodil,12.01.1992
10131,Giovanni Moreno,01.07.1986
10132,Florian Lejeune,20.05.1991
10139,Fernandinho,03.03.1992
10140,Willy Boly,03.02.1991
10141,John Brooks,28.01.1993
10154,Okay Yokuşlu,09.03.1994
7796,Giovanni Reyna,13.11.2002
9132,Damien Le Tallec,19.04.1990
9303,John Boye,23.04.1987
9312,Romain Amalfitano,27.08.1989
9470,Aleix Febas,02.02.1996
9471,Marco Richter,24.11.1997
10184,Niklas Stark,14.04.1995
10185,Emiliano Rigoni,04.02.1993
10186,Beto,23.11.1991
10196,Fernando Karanga,14.04.1991
10197,Yan Junling,28.01.1991
10224,Jhon Córdoba,13.03.1997
10225,Jose Holebas,27.06.1984
10226,Ashley Barnes,30.10.1989
